<?xml version="1.0" encoding="UTF-8"?>
<!--
This software is in the public domain under CC0 1.0 Universal plus a 
Grant of Patent License.

To the extent possible under law, the author(s) have dedicated all
copyright and related and neighboring rights to this software to the
public domain worldwide. This software is distributed without any
warranty.

You should have received a copy of the CC0 Public Domain Dedication
along with this software (see the LICENSE.md file). If not, see
<http://creativecommons.org/publicdomain/zero/1.0/>.
-->
<screen xmlns:xsi="http://www.w3.org/2001/XMLSchema-instance"
        xsi:noNamespaceSchemaLocation="http://moqui.org/xsd/xml-screen-2.1.xsd"
        require-authentication="false">
    <widgets>
        <render-mode><text type="html"><![CDATA[
            <p>&nbsp;</p>
            <div class="jumbotron">
                <h1><i class="glyphicon glyphicon-link text-danger"></i> Page Not Found (${errorCode})</h1>
                <#if errorThrowable??>
                    <#-- should always be a ScreenResourceNotFoundException -->
                    <p class="text-danger">Could not find <code>${errorThrowable.pathFromLastScreen!?html}</code>
                        <#if errorThrowable.lastSd??>under ${errorThrowable.lastSd.getDefaultMenuName()}</#if>.</p>
                    <p class="text-danger">The full path was: <#list errorThrowable.fullPathNameList as pathName><code>${pathName?html}</code><#if pathName_has_next>/</#if></#list></p>
                    <#if errorThrowable.resourceLocation??><p class="text-danger">Resource not found at: ${errorThrowable.resourceLocation?html}</p></#if>
                <#else>
                    <p class="text-danger">${errorMessage!""}</p>
                </#if>
                <a href="${sri.buildUrl("/").url}" class="btn btn-primary btn-lg" role="button">Go Home</a>
                <a href="javascript:window.history.back();" class="btn btn-primary btn-lg" role="button">Go Back</a>
            </div>
        ]]></text></render-mode>
    </widgets>
</screen>
