<?xml version="1.0" encoding="UTF-8"?>
<!--
This software is in the public domain under CC0 1.0 Universal plus a 
Grant of Patent License.

To the extent possible under law, the author(s) have dedicated all
copyright and related and neighboring rights to this software to the
public domain worldwide. This software is distributed without any
warranty.

You should have received a copy of the CC0 Public Domain Dedication
along with this software (see the LICENSE.md file). If not, see
<http://creativecommons.org/publicdomain/zero/1.0/>.
-->
<screen xmlns:xsi="http://www.w3.org/2001/XMLSchema-instance" xsi:noNamespaceSchemaLocation="http://moqui.org/xsd/xml-screen-2.1.xsd"
        default-menu-title="Job Detail" default-menu-index="1">

    <parameter name="jobName" required="true"/>

    <transition name="jobRunList"><default-response url="../../JobRuns/JobRunList"/></transition>
    <transition name="jobRunDetail"><default-response url="../../JobRuns/JobRunDetail"/></transition>

    <transition name="updateJob"><service-call name="update#moqui.service.job.ServiceJob"/>
        <default-response url="."/></transition>

    <transition name="createJobParameter"><service-call name="create#moqui.service.job.ServiceJobParameter"/>
        <default-response url="."/></transition>
    <transition name="updateJobParameter"><service-call name="update#moqui.service.job.ServiceJobParameter"/>
        <default-response url="."/></transition>
    <transition name="deleteJobParameter"><service-call name="delete#moqui.service.job.ServiceJobParameter"/>
        <default-response url="."/></transition>

    <transition name="userAccountDetail"><default-response url="../../Security/UserAccount/UserAccountDetail"/></transition>
    <transition name="createJobUser"><service-call name="create#moqui.service.job.ServiceJobUser"/>
        <default-response url="."/></transition>
    <transition name="updateJobUser"><service-call name="update#moqui.service.job.ServiceJobUser"/>
        <default-response url="."/></transition>
    <transition name="deleteJobUser"><service-call name="delete#moqui.service.job.ServiceJobUser"/>
        <default-response url="."/></transition>
    <transition-include name="getUserList" location="component://tools/screen/System/Security/UserGroup/GroupUsers.xml"/>

    <transition name="runJob"><actions><script>ec.service.job(jobName).run()</script></actions>
        <default-response url="."/></transition>

    <actions>
        <entity-find-one entity-name="moqui.service.job.ServiceJob" value-field="serviceJob"/>
        <entity-find-one entity-name="moqui.service.job.ServiceJobRunLock" value-field="runLock"/>
        <entity-find entity-name="moqui.service.job.ServiceJobParameter" list="jobParameterList">
            <econdition field-name="jobName"/><order-by field-name="parameterName"/></entity-find>
        <entity-find entity-name="moqui.service.job.ServiceJobUserDetail" list="userDetailList">
            <econdition field-name="jobName"/><order-by field-name="username"/></entity-find>
    </actions>
    <widgets>
        <container-row><row-col md="6">
            <container-box><box-header title="Job Run Info"/><box-toolbar>
                <link url="runJob" text="Run Job" confirmation="Run job now with current parameters?"/>
                <link url="jobRunList" text="Job Runs" parameter-map="[jobName:jobName, startTime_poffset:'0', startTime_period:'Month']"/>
            </box-toolbar><box-body>
                <container-row>
                    <row-col md="2"><label text="Last Run" type="strong"/></row-col>
                    <row-col md="4"><label text="${ec.l10n.format(runLock?.lastRunTime, '')}"/></row-col>
                </container-row>
                <section name="ActiveJobSection" condition="runLock?.jobRunId"><widgets>
                    <container-row>
                        <row-col md="2"><label text="Active Job" type="strong"/></row-col>
                        <row-col md="4"><link url="jobRunDetail" text="${runLock.jobRunId}" link-type="anchor"
                                parameter-map="[jobRunId:runLock.jobRunId]"/></row-col>
                        <!-- TODO: add kill/reset button? -->
                    </container-row>
                </widgets><fail-widgets>
                    <!-- TODO: add button to run job now (with parameters like the service run screen) -->
                </fail-widgets></section>
            </box-body></container-box>

            <container-box><box-header title="Job Settings"/><box-body>
                <form-single name="ServiceJobForm" map="serviceJob" transition="updateJob">
                    <field name="jobName"><default-field><display/></default-field></field>
                    <auto-fields-entity entity-name="moqui.service.job.ServiceJob" field-type="edit" include="nonpk"/>
                    <field name="description"><default-field><text-line size="60"/></default-field></field>
                    <field name="serviceName"><default-field><text-line size="60"/></default-field></field>
                    <field name="expireLockTime"><default-field title="Expire Lock Minutes" tooltip="After this time job run locks are ignored, defaults to 1440 minutes (24 hours)">
                        <text-line size="4"/></default-field></field>
                    <field name="minRetryTime"><default-field title="Min Retry Minutes" tooltip="Min time to retry after error, defaults to 5 minutes">
                        <text-line size="4"/></default-field></field>
                    <field name="submitButton"><default-field title="Update Job"><submit/></default-field></field>
                    <field-layout>
                        <field-ref name="jobName"/><field-ref name="description"/><field-ref name="serviceName"/>
                        <fields-not-referenced/>
                    </field-layout>
                </form-single>
            </box-body></container-box>
        </row-col><row-col md="6">
            <container-box><box-header title="Parameters"/><box-toolbar>
                <container-dialog id="AddParameterDialog" button-text="Add Parameter">
                    <form-single name="CreateJobParameter" transition="createJobParameter">
                        <field name="jobName"><default-field><hidden/></default-field></field>
                        <!-- NOTE: could make this a drop-down based on service def, but nice to be able specify any, maybe combo-box -->
                        <field name="parameterName"><default-field title="Name"><text-line size="30"/></default-field></field>
                        <field name="parameterValue"><default-field title="Value"><text-line size="60"/></default-field></field>
                        <field name="submitButton"><default-field title="Add"><submit/></default-field></field>
                    </form-single>
                </container-dialog>
            </box-toolbar><box-body>
                <form-list name="UpdateJobParameter" transition="updateJobParameter" list="jobParameterList">
                    <field name="jobName"><default-field><hidden/></default-field></field>
                    <field name="parameterName"><default-field title="Name"><display/></default-field></field>
                    <field name="parameterValue"><default-field title="Value"><text-line size="40"/></default-field></field>
                    <field name="submitButton"><default-field title="Update"><submit/></default-field></field>
                    <field name="deleteLink"><default-field title=""><link url="deleteJobParameter" text="X" confirmation="Delete parameter?"
                            parameter-map="[jobName:jobName, parameterName:parameterName]"/></default-field></field>
                </form-list>
            </box-body></container-box>

            <container-box><box-header title="Users"/><box-toolbar>
                <container-dialog id="AddUserDialog" button-text="Add User">
                    <form-single name="CreateJobUser" transition="createJobUser">
                        <field name="jobName"><default-field><hidden/></default-field></field>
                        <field name="userId"><default-field title="User">
                            <text-line ac-transition="getUserList" ac-min-length="2" size="60"/>
                        </default-field></field>
                        <field name="receiveNotifications"><default-field>
                            <drop-down><option key="Y"/><option key="N"/></drop-down></default-field></field>
                        <field name="submitButton"><default-field title="Add"><submit/></default-field></field>
                    </form-single>
                </container-dialog>
            </box-toolbar><box-body>
                <form-list name="UpdateJobUser" transition="updateJobUser" list="userDetailList">
                    <field name="jobName"><default-field><hidden/></default-field></field>
                    <field name="userId">
                        <default-field title="User Account">
                            <display-entity entity-name="moqui.security.UserAccount" text="${username} - ${userFullName}"/>
                            <link url="userAccountDetail" text="${userId}" link-type="anchor"/>
                        </default-field>
                    </field>
                    <field name="receiveNotifications"><default-field>
                        <drop-down><option key="Y"/><option key="N"/></drop-down></default-field></field>
                    <field name="submitButton"><default-field title="Update"><submit/></default-field></field>
                    <field name="deleteLink"><default-field title=""><link url="deleteJobUser" text="X" confirmation="Remove user?"
                            parameter-map="[jobName:jobName, userId:userId]"/></default-field></field>
                </form-list>
            </box-body></container-box>
        </row-col></container-row>
    </widgets>
</screen>
