<?xml version="1.0" encoding="UTF-8"?>
<!--
This software is in the public domain under CC0 1.0 Universal plus a 
Grant of Patent License.

To the extent possible under law, the author(s) have dedicated all
copyright and related and neighboring rights to this software to the
public domain worldwide. This software is distributed without any
warranty.

You should have received a copy of the CC0 Public Domain Dedication
along with this software (see the LICENSE.md file). If not, see
<http://creativecommons.org/publicdomain/zero/1.0/>.
-->
<entity-facade-xml type="seed-initial">
    <!-- NOTE: subscreen configuration is now in the MoquiConf.xml file instead of DB records
    <moqui.screen.SubscreensItem screenLocation="component://webroot/screen/webroot/apps.xml" subscreenName="hm" menuTitle="HiveMind PM"
            menuIndex="7" menuInclude="Y" subscreenLocation="component://HiveMind/screen/HiveMindRoot.xml"/>
    <moqui.screen.SubscreensItem screenLocation="component://webroot/screen/webroot/apps.xml" subscreenName="hmadmin" menuTitle="HiveMind Admin"
            menuIndex="8" menuInclude="Y" subscreenLocation="component://HiveMind/screen/HiveMindAdmin.xml"/>
    <moqui.screen.SubscreensItem screenLocation="component://webroot/screen/webroot.xml" subscreenName="hmstatic"
            menuInclude="N" subscreenLocation="component://HiveMind/screen/hmstatic.xml"/>
    -->

    <!-- NOTE: make sure this css path matches where the hmstatic root screen is mounted -->
    <moqui.screen.ScreenThemeResource screenThemeId="DEFAULT" sequenceNum="50" resourceTypeEnumId="STRT_STYLESHEET"
            resourceValue="/hmstatic/css/HiveMindDefault.css"/>

    <!-- HiveMind PM App -->
    <moqui.security.ArtifactGroup artifactGroupId="HIVE_MIND" description="HiveMind PM App (via root screen)"/>
    <moqui.security.ArtifactGroupMember artifactGroupId="HIVE_MIND" artifactName="component://HiveMind/screen/HiveMindRoot.xml"
            artifactTypeEnumId="AT_XML_SCREEN" inheritAuthz="Y"/>
    <!-- HiveMind Admin App -->
    <moqui.security.ArtifactGroup artifactGroupId="HIVE_MIND_ADMIN" description="HiveMind Admin (via root screen)"/>
    <moqui.security.ArtifactGroupMember artifactGroupId="HIVE_MIND_ADMIN" artifactName="component://HiveMind/screen/HiveMindAdmin.xml"
            artifactTypeEnumId="AT_XML_SCREEN" inheritAuthz="Y"/>

    <!-- authz/permission for ADMIN users -->
    <moqui.security.ArtifactAuthz artifactAuthzId="HIVE_MIND_PM_ADMIN" userGroupId="ADMIN" artifactGroupId="HIVE_MIND"
            authzTypeEnumId="AUTHZT_ALWAYS" authzActionEnumId="AUTHZA_ALL"/>
    <moqui.security.ArtifactAuthz artifactAuthzId="HIVE_MIND_ADM_ADMIN" userGroupId="ADMIN" artifactGroupId="HIVE_MIND_ADMIN"
            authzTypeEnumId="AUTHZT_ALWAYS" authzActionEnumId="AUTHZA_ALL"/>

    <!-- authz/permission for HIVE_MIND_ADMIN users -->
    <moqui.security.UserGroup userGroupId="HIVE_MIND_ADMIN" description="HiveMind Administrators"/>
    <moqui.security.ArtifactAuthz artifactAuthzId="HIVE_MIND_PM_HMAD" userGroupId="HIVE_MIND_ADMIN" artifactGroupId="HIVE_MIND"
            authzTypeEnumId="AUTHZT_ALWAYS" authzActionEnumId="AUTHZA_ALL"/>
    <moqui.security.ArtifactAuthz artifactAuthzId="HIVE_MIND_ADM_HMAD" userGroupId="HIVE_MIND_ADMIN" artifactGroupId="HIVE_MIND_ADMIN"
            authzTypeEnumId="AUTHZT_ALWAYS" authzActionEnumId="AUTHZA_ALL"/>

    <!-- authz for HM app user group (HIVE_MIND_USERS) -->
    <moqui.security.UserGroup userGroupId="HIVE_MIND_USERS" description="HiveMind PM Users"/>
    <moqui.security.ArtifactAuthz artifactAuthzId="HIVE_MIND_USERS_HM" userGroupId="HIVE_MIND_USERS" artifactGroupId="HIVE_MIND"
            authzTypeEnumId="AUTHZT_ALLOW" authzActionEnumId="AUTHZA_ALL"/>

    <!-- authz for HM app view only user group (HIVE_MIND_VIEW) -->
    <moqui.security.UserGroup userGroupId="HIVE_MIND_VIEW" description="HiveMind PM Viewers"/>
    <moqui.security.ArtifactAuthz artifactAuthzId="HIVE_MIND_VIEW_HM" userGroupId="HIVE_MIND_VIEW" artifactGroupId="HIVE_MIND"
            authzTypeEnumId="AUTHZT_ALLOW" authzActionEnumId="AUTHZA_VIEW"/>

    <!-- Give all HiveMind Groups access to My Account App -->
    <artifactGroups artifactGroupId="MY_ACCOUNT">
        <authz artifactAuthzId="MY_ACCOUNT_HMUSERS" userGroupId="HIVE_MIND_USERS" authzTypeEnumId="AUTHZT_ALLOW" authzActionEnumId="AUTHZA_ALL"/>
        <authz artifactAuthzId="MY_ACCOUNT_HMVIEW" userGroupId="HIVE_MIND_VIEW" authzTypeEnumId="AUTHZT_ALLOW" authzActionEnumId="AUTHZA_ALL"/>
        <authz artifactAuthzId="MY_ACCOUNT_HMADMIN" userGroupId="HIVE_MIND_ADMIN" authzTypeEnumId="AUTHZT_ALWAYS" authzActionEnumId="AUTHZA_ALL"/>
    </artifactGroups>

    <!-- Work Types and Employment Position Classes -->
    <moqui.basic.Enumeration description="Requirements Gathering" enumId="WktpRequirements" enumTypeId="WorkType"/>
    <moqui.basic.Enumeration description="System Design" enumId="WktpSystemDesign" enumTypeId="WorkType"/>
    <moqui.basic.Enumeration description="Programming" enumId="WktpProgramming" enumTypeId="WorkType"/>
    <moqui.basic.Enumeration description="Testing" enumId="WktpTesting" enumTypeId="WorkType"/>

    <mantle.humanres.position.EmplPositionClass title="Quality Analyst" emplPositionClassId="QualityAnalyst"/>
    <mantle.humanres.position.EmplPositionClassWorkType emplPositionClassId="QualityAnalyst" workTypeEnumId="WktpTesting"/>
    <mantle.humanres.position.EmplPositionClass title="Quality Lead" emplPositionClassId="QualityLead"/>
    <mantle.humanres.position.EmplPositionClassWorkType emplPositionClassId="QualityLead" workTypeEnumId="WktpTesting"/>

    <mantle.humanres.position.EmplPositionClass title="Programmer" emplPositionClassId="Programmer"/>
    <mantle.humanres.position.EmplPositionClassWorkType emplPositionClassId="Programmer" workTypeEnumId="WktpProgramming"/>
    <mantle.humanres.position.EmplPositionClass title="Programmer Lead" emplPositionClassId="ProgrammerLead"/>
    <mantle.humanres.position.EmplPositionClassWorkType emplPositionClassId="ProgrammerLead" workTypeEnumId="WktpProgramming"/>

    <mantle.humanres.position.EmplPositionClass title="System Administrator" emplPositionClassId="SysAdmin"/>

    <mantle.humanres.position.EmplPositionClass title="System Architect" emplPositionClassId="SysArchitect"/>
    <mantle.humanres.position.EmplPositionClassWorkType emplPositionClassId="SysArchitect" workTypeEnumId="WktpRequirements"/>
    <mantle.humanres.position.EmplPositionClassWorkType emplPositionClassId="SysArchitect" workTypeEnumId="WktpSystemDesign"/>
    <mantle.humanres.position.EmplPositionClassWorkType emplPositionClassId="SysArchitect" workTypeEnumId="WktpProgramming"/>
    <mantle.humanres.position.EmplPositionClass title="Business Analyst" emplPositionClassId="BusinessAnalyst"/>
    <mantle.humanres.position.EmplPositionClassWorkType emplPositionClassId="BusinessAnalyst" workTypeEnumId="WktpRequirements"/>
    <mantle.humanres.position.EmplPositionClassWorkType emplPositionClassId="BusinessAnalyst" workTypeEnumId="WktpSystemDesign"/>
    <mantle.humanres.position.EmplPositionClass title="Expert User" emplPositionClassId="ExpertUser"/>
    <mantle.humanres.position.EmplPositionClassWorkType emplPositionClassId="ExpertUser" workTypeEnumId="WktpRequirements"/>
</entity-facade-xml>
