<?xml version="1.0" encoding="UTF-8"?>
<!--
This software is in the public domain under CC0 1.0 Universal plus a 
Grant of Patent License.

To the extent possible under law, the author(s) have dedicated all
copyright and related and neighboring rights to this software to the
public domain worldwide. This software is distributed without any
warranty.

You should have received a copy of the CC0 Public Domain Dedication
along with this software (see the LICENSE.md file). If not, see
<http://creativecommons.org/publicdomain/zero/1.0/>.
-->
<screen xmlns:xsi="http://www.w3.org/2001/XMLSchema-instance"
        xsi:noNamespaceSchemaLocation="http://moqui.org/xsd/xml-screen-2.1.xsd"
        default-menu-include="false">

    <transition name="userAccountDetail"><default-response url="../UserAccountDetail"/></transition>
    <transition name="createUserAccount"><service-call name="org.moqui.impl.UserServices.create#UserAccount"/>
        <default-response url="."/></transition>

    <actions>
        <entity-find entity-name="moqui.security.UserAccount" list="userAccountList">
            <search-form-inputs default-order-by="username"/>
        </entity-find>
    </actions>
    <widgets>
        <container-dialog id="CreateUserAccountDialog" button-text="Create User Account">
            <form-single name="CreateUserAccount" transition="createUserAccount">
                <field name="partyId"><default-field><hidden/></default-field></field>
                <field name="username"><default-field><text-line size="20"/></default-field></field>
                <field name="emailAddress"><default-field title="Email"><text-line size="60"/></default-field></field>
                <field name="userFullName"><default-field title="Full Name"><text-line size="40"/></default-field></field>
                <field name="newPassword"><default-field title="Password"><password size="15"/></default-field></field>
                <field name="newPasswordVerify"><default-field title="Password Verify"><password size="15"/></default-field></field>
                <field name="requirePasswordChange"><default-field>
                    <drop-down><option key="Y"/><option key="N"/></drop-down></default-field></field>
                <field name="submitButton"><default-field title="Create"><submit/></default-field></field>
            </form-single>
        </container-dialog>
        <form-list name="UserAccountList" list="userAccountList" skip-form="true">
            <field name="userId">
                <header-field title="ID" show-order-by="true"><text-find size="10" hide-options="true"/></header-field>
                <default-field><link text="${userId}" url="userAccountDetail" link-type="anchor"/></default-field>
            </field>
            <field name="username">
                <header-field show-order-by="true"><text-find size="10" hide-options="true"/></header-field>
                <default-field><link text="${username}" url="userAccountDetail" link-type="anchor"/></default-field>
            </field>
            <field name="emailAddress">
                <header-field show-order-by="true"><text-find size="15" hide-options="true"/></header-field>
                <default-field><display/></default-field>
            </field>
            <field name="userFullName">
                <header-field show-order-by="true"><text-find size="15" hide-options="true"/></header-field>
                <default-field><display/></default-field>
            </field>
            <!--<field name="passwordSetDate">
                <header-field show-order-by="true"><date-period allow-empty="true"/></header-field>
                <default-field><display/></default-field>
            </field>-->
            <field name="requirePasswordChange">
                <header-field title="Req PW Change" show-order-by="true"><drop-down allow-empty="true"><option key="Y"/><option key="N"/></drop-down></header-field>
                <default-field><display/></default-field>
            </field>
            <field name="successiveFailedLogins">
                <header-field title="Failed Logins" show-order-by="true"/>
                <default-field><display/></default-field>
            </field>
            <field name="disabled">
                <header-field show-order-by="true"><drop-down allow-empty="true"><option key="Y"/><option key="N"/></drop-down></header-field>
                <default-field><display text="${disabled ?: 'N'} ${disabledDateTime ?: ''}"/></default-field>
            </field>
            <field name="locale">
                <header-field show-order-by="true"><text-find size="6" hide-options="true"/></header-field>
                <default-field><display/></default-field>
            </field>
            <field name="timeZone">
                <header-field show-order-by="true"><text-find size="8" hide-options="true"/></header-field>
                <default-field><display/></default-field>
            </field>
            <field name="find"><header-field title="Find"><submit/></header-field>
                <default-field><display text=" "/></default-field></field>
        </form-list>
    </widgets>
</screen>
