<?xml version="1.0" encoding="UTF-8"?>
<!--
This software is in the public domain under CC0 1.0 Universal plus a 
Grant of Patent License.

To the extent possible under law, the author(s) have dedicated all
copyright and related and neighboring rights to this software to the
public domain worldwide. This software is distributed without any
warranty.

You should have received a copy of the CC0 Public Domain Dedication
along with this software (see the LICENSE.md file). If not, see
<http://creativecommons.org/publicdomain/zero/1.0/>.
-->
<screen xmlns:xsi="http://www.w3.org/2001/XMLSchema-instance"
        xsi:noNamespaceSchemaLocation="http://moqui.org/xsd/xml-screen-2.1.xsd"
        default-menu-index="1">

    <parameter name="userId" required="true" from="userId ?: userId_0"/>

    <transition name="updateUserAccount"><service-call name="org.moqui.impl.UserServices.update#UserAccount"/>
        <default-response url="."/></transition>
    <transition name="updatePassword"><service-call name="org.moqui.impl.UserServices.update#Password"/>
        <default-response url="."/></transition>
    <transition name="enableUserAccount"><service-call name="org.moqui.impl.UserServices.enable#UserAccount"/>
        <default-response url="."/></transition>
    <transition name="disableUserAccount"><service-call name="org.moqui.impl.UserServices.disable#UserAccount"/>
        <default-response url="."/></transition>

    <transition name="visitList"><default-response url="../../../Visit/VisitList"/></transition>
    <transition name="visitDetail"><default-response url="../../../Visit/VisitDetail"/></transition>

    <transition name="userGroupDetail"><default-response url="../../UserGroup/UserGroupDetail"/></transition>
    <transition name="createUserGroupMember"><service-call name="create#moqui.security.UserGroupMember"/>
        <default-response url="."/></transition>
    <transition name="updateUserGroupMember"><service-call name="update#moqui.security.UserGroupMember"/>
        <default-response url="."/></transition>

    <transition name="createUserPreference"><service-call name="create#moqui.security.UserPreference"/>
        <default-response url="."/></transition>
    <transition name="updateUserPreference"><service-call name="update#moqui.security.UserPreference"/>
        <default-response url="."/></transition>
    <transition name="deleteUserPreference"><service-call name="delete#moqui.security.UserPreference"/>
        <default-response url="."/></transition>

    <transition name="topicSubscriptions"><service-call name="store#moqui.security.user.NotificationTopicUser"/>
        <default-response url="."/></transition>

    <transition name="releaseTarpitNow">
        <service-call name="update#moqui.security.ArtifactTarpitLock"
                in-map="[artifactTarpitLockId:artifactTarpitLockId, releaseDateTime:ec.user.nowTimestamp]"/>
        <default-response url="."/></transition>

    <actions>
        <entity-find-one entity-name="moqui.security.UserAccount" value-field="userAccount"/>

        <set field="localeStringList" from="[]"/>
        <iterate list="Locale.getAvailableLocales()" entry="lcl"><script>localeStringList.add([locale:lcl.toString(), name:lcl.getDisplayName(ec.user.locale)])</script></iterate>
        <order-map-list list="localeStringList"><order-by field-name="name"/></order-map-list>

        <entity-find entity-name="moqui.security.UserGroupMember" list="ugmList">
            <econdition field-name="userId"/><order-by field-name="userGroupId"/></entity-find>

        <entity-find entity-name="moqui.security.UserPreference" list="upList">
            <econdition field-name="userId"/><order-by field-name="preferenceKey"/></entity-find>
        <entity-find entity-name="moqui.security.user.NotificationTopic" list="notificationTopicList">
            <order-by field-name="description"/></entity-find>

        <entity-find entity-name="moqui.security.UserLoginHistory" list="historyList">
            <search-form-inputs default-order-by="-fromDate"/>
            <econdition field-name="userId"/></entity-find>

        <entity-find entity-name="moqui.security.ArtifactTarpitLock" list="artifactTarpitLockList" limit="20">
            <econdition field-name="userId"/><order-by field-name="-releaseDateTime"/></entity-find>
        <entity-find-count entity-name="moqui.security.ArtifactTarpitLock" count-field="allTarpitLocksCount">
            <econdition field-name="userId"/></entity-find-count>
    </actions>
    <widgets>
        <container-row>
            <row-col lg="5">
                <link url="visitList" text="Visits" parameter-map="[userId:userId]"/>
                <container-dialog id="UpdatePassword" button-text="Change Password">
                    <form-single name="UpdatePasswordForm" transition="updatePassword">
                        <field name="userId"><default-field><hidden/></default-field></field>
                        <field name="oldPassword"><default-field><hidden default-value="ignored"/></default-field></field>
                        <field name="newPassword"><default-field><password size="20"/></default-field></field>
                        <field name="newPasswordVerify"><default-field><password size="20"/></default-field></field>
                        <field name="submitButton"><default-field title="Update"><submit/></default-field></field>
                    </form-single>
                </container-dialog>
                <link url="enableUserAccount" text="Enable Account" parameter-map="[userId:userId]" condition="userAccount.disabled == 'Y'"/>
                <link url="disableUserAccount" text="Disable Account" parameter-map="[userId:userId]" condition="userAccount.disabled != 'Y'"/>
                <container-dialog id="TopicUserDialog" button-text="Topic Subscriptions">
                    <form-list name="NotificationTopicList" list="notificationTopicList" transition="topicSubscriptions" multi="true">
                        <row-actions>
                            <entity-find-one entity-name="moqui.security.user.NotificationTopicUser" value-field="notTopicUser">
                                <field-map field-name="topic"/><field-map field-name="userId"/></entity-find-one>
                        </row-actions>
                        <field name="userId"><default-field><hidden/></default-field></field>
                        <field name="topic"><default-field><hidden/></default-field></field>
                        <field name="description"><default-field title="Topic"><display/></default-field></field>
                        <field name="receiveNotifications" from="notTopicUser?.receiveNotifications ?: receiveNotifications ?: 'N'"><default-field title="Receive">
                            <radio><option key="Y"/><option key="N"/></radio>
                        </default-field></field>
                        <field name="allNotifications" from="notTopicUser?.allNotifications ?: allNotifications ?: 'N'"><default-field title="All">
                            <radio><option key="Y"/><option key="N"/></radio>
                        </default-field></field>
                        <field name="emailNotifications" from="notTopicUser?.emailNotifications ?: 'N'">
                            <conditional-field condition="emailTemplateId"><radio><option key="Y"/><option key="N"/></radio></conditional-field>
                            <default-field title="Email"><display text=""/></default-field>
                        </field>
                        <field name="submitButton"><default-field><submit text="Update"/></default-field></field>
                    </form-list>
                </container-dialog>

                <form-single name="UserAccountForm" map="userAccount" transition="updateUserAccount">
                    <field name="userId"><default-field><display/></default-field></field>
                    <field name="username"><default-field><text-line size="20"/></default-field></field>
                    <field name="emailAddress"><default-field title="Email"><text-line size="50"/></default-field></field>
                    <field name="userFullName"><default-field title="Full Name"><text-line size="40"/></default-field></field>

                    <field name="passwordSetDate"><default-field><display/></default-field></field>
                    <field name="requirePasswordChange"><default-field>
                        <drop-down allow-empty="true"><option key="Y"/><option key="N"/></drop-down></default-field></field>
                    <field name="successiveFailedLogins"><default-field title="Failed Logins"><display/></default-field></field>
                    <field name="disabled"><default-field><display text="${disabled ?: 'N'}"/></default-field></field>
                    <field name="disabledDateTime"><default-field title="Disabled Date"><display/></default-field></field>
                    <field name="ipAllowed"><default-field title="IPs Allowed" tooltip="Comma separated IP4 patterns, each may use '*' for wildcard or '-' separated min/max numbers">
                        <text-line size="80"/></default-field></field>

                    <field name="locale"><default-field>
                        <drop-down allow-empty="true"><list-options list="localeStringList" key="${locale}" text="${locale} - ${name}"/></drop-down>
                    </default-field></field>
                    <field name="timeZone"><default-field>
                        <drop-down allow-empty="true"><list-options list="new TreeSet(TimeZone.getAvailableIDs().collect())"/></drop-down>
                    </default-field></field>

                    <field name="submitButton"><default-field title="Update"><submit/></default-field></field>
                </form-single>
            </row-col>
            <row-col lg="7">
                <container-box><box-header title="Groups"/><box-toolbar>
                    <container-dialog id="AddGroupMemberDialog" button-text="Add Group">
                        <form-single name="CreateUserGroupMember" transition="createUserGroupMember">
                            <field name="userId"><default-field><hidden/></default-field></field>
                            <field name="userGroupId"><default-field title="Group">
                                <drop-down>
                                    <entity-options key="${userGroupId}" text="UserGroupNameTemplate">
                                        <entity-find entity-name="moqui.security.UserGroup">
                                            <order-by field-name="description"/></entity-find>
                                    </entity-options>
                                </drop-down>
                            </default-field></field>
                            <field name="fromDate" from="ec.user.nowTimestamp"><default-field><date-time/></default-field></field>
                            <field name="submitButton"><default-field title="Add"><submit/></default-field></field>
                        </form-single>
                    </container-dialog>
                </box-toolbar><box-body-nopad>
                    <form-list name="UserGroupList" list="ugmList" transition="updateUserGroupMember">
                        <field name="userId"><default-field><hidden/></default-field></field>
                        <field name="userGroupId"><default-field title="Group">
                            <display-entity entity-name="moqui.security.UserGroup"/>
                            <link url="userGroupDetail" text="${userGroupId}" link-type="anchor"/>
                        </default-field></field>
                        <field name="fromDate">
                            <header-field show-order-by="true"/>
                            <default-field><display/></default-field>
                        </field>
                        <field name="thruDate">
                            <header-field show-order-by="true"/>
                            <default-field><date-time/></default-field>
                        </field>
                        <field name="submitButton"><default-field title="Update"><submit/></default-field></field>
                    </form-list>
                </box-body-nopad></container-box>

                <container-box><box-header title="Preferences"/><box-toolbar>
                    <container-dialog id="AddPreferenceDialog" button-text="Add Existing Preference">
                        <form-single name="CreateUserPreference" transition="createUserPreference">
                            <field name="userId"><default-field><hidden/></default-field></field>
                            <field name="preferenceKey"><default-field>
                                <widget-template-include location="component://webroot/template/screen/BasicWidgetTemplates.xml#enumDropDown">
                                    <set field="enumTypeId" value="UserPreferenceKey"/></widget-template-include>
                            </default-field></field>
                            <field name="preferenceValue"><default-field><text-line size="60"/></default-field></field>
                            <field name="submitButton"><default-field title="Add"><submit/></default-field></field>
                        </form-single>
                    </container-dialog>
                    <container-dialog id="AddCustomPreferenceDialog" button-text="Add Ad-hoc Preference">
                        <form-single name="CreateCustomUserPreference" transition="createUserPreference">
                            <field name="userId"><default-field><hidden/></default-field></field>
                            <field name="preferenceKey"><default-field><text-line size="30"/></default-field></field>
                            <field name="preferenceValue"><default-field><text-line size="60"/></default-field></field>
                            <field name="submitButton"><default-field title="Add"><submit/></default-field></field>
                        </form-single>
                    </container-dialog>
                </box-toolbar><box-body-nopad>
                    <form-list name="UserPreferenceList" list="upList" transition="updateUserPreference">
                        <row-actions>
                            <entity-find-one entity-name="moqui.basic.Enumeration" value-field="keyEnum">
                                <field-map field-name="enumId" from="preferenceKey"/></entity-find-one>
                        </row-actions>
                        <field name="userId"><default-field><hidden/></default-field></field>
                        <field name="preferenceKey"><default-field title="Key">
                            <display text="${keyEnum ? keyEnum.description + ' ' : ''}(${preferenceKey})"/></default-field></field>
                        <field name="preferenceValue"><default-field title="Value"><text-line size="30"/></default-field></field>
                        <field name="submitButton"><default-field title="Update"><submit/></default-field></field>
                        <field name="deleteButton"><default-field title="">
                            <link url="deleteUserPreference" text=" " icon="glyphicon glyphicon-trash" confirmation="Really remove?"/></default-field></field>
                    </form-list>
                </box-body-nopad></container-box>

                <!-- TODO: consider moving this to another screen -->
                <label text="Login History" type="h5"/>
                <form-list name="HistoryList" list="historyList" skip-form="true">
                    <field name="fromDate">
                        <header-field title="Date" show-order-by="true"/>
                        <default-field><display/></default-field>
                    </field>
                    <field name="successfulLogin"><default-field title="Successful"><display/></default-field></field>
                    <field name="visitId"><default-field title="Visit">
                        <link url="visitDetail" text="${visitId}" link-type="anchor" condition="visitId"/>
                    </default-field></field>
                </form-list>
            </row-col>
        </container-row>

        <label text="Tarpit Locks (Velocity Limits Reached)" type="h5"/>
        <label text="Showing ${artifactTarpitLockList?.size() ?: ''} most recent, user has a history of ${allTarpitLocksCount} locks"/>
        <form-list name="ArtifactTarpitLockList" list="artifactTarpitLockList">
            <field name="artifactTypeEnumId"><default-field><display-entity entity-name="moqui.basic.Enumeration"/></default-field></field>
            <field name="artifactName"><default-field><display/></default-field></field>
            <field name="releaseDateTime"><default-field><display/></default-field></field>
            <field name="releaseNow"><default-field>
                <link url="releaseTarpitNow" text="Release Now" parameter-map="[artifactTarpitLockId:artifactTarpitLockId]"
                        condition="releaseDateTime &gt; ec.user.nowTimestamp"/>
            </default-field></field>
        </form-list>
    </widgets>
</screen>
