<?xml version="1.0" encoding="UTF-8"?>
<!--
This software is in the public domain under CC0 1.0 Universal plus a
Grant of Patent License.

To the extent possible under law, the author(s) have dedicated all
copyright and related and neighboring rights to this software to the
public domain worldwide. This software is distributed without any
warranty.

You should have received a copy of the CC0 Public Domain Dedication
along with this software (see the LICENSE.md file). If not, see
<http://creativecommons.org/publicdomain/zero/1.0/>.
-->
<screen xmlns:xsi="http://www.w3.org/2001/XMLSchema-instance" xsi:noNamespaceSchemaLocation="http://moqui.org/xsd/xml-screen-2.1.xsd">
    <widgets>
        <render-mode><text type="html"><![CDATA[<html><body>]]></text></render-mode>
        <container><label text="Your reset password has been set to: ${resetPassword}"/></container>
        <container><label text="Please use this reset password to change your password immediately."/></container>
        <container><label text="Your current password is still valid, this reset password may only be used to change your password."/></container>
        <section name="RequireChangeSection" condition="userAccount.requirePasswordChange == 'Y'"><widgets>
            <container><label text="Your password must be changed before login."/></container>
        </widgets></section>
        <render-mode><text type="html"><![CDATA[</body></html>]]></text></render-mode>
    </widgets>
</screen>
