<?xml version="1.0" encoding="UTF-8"?>
<!--
This software is in the public domain under CC0 1.0 Universal plus a
Grant of Patent License.

To the extent possible under law, the author(s) have dedicated all
copyright and related and neighboring rights to this software to the
public domain worldwide. This software is distributed without any
warranty.

You should have received a copy of the CC0 Public Domain Dedication
along with this software (see the LICENSE.md file). If not, see
<http://creativecommons.org/publicdomain/zero/1.0/>.
-->
<entities xmlns:xsi="http://www.w3.org/2001/XMLSchema-instance" xsi:noNamespaceSchemaLocation="http://moqui.org/xsd/entity-definition-2.1.xsd">

    <!-- ========================================================= -->
    <!-- moqui.basic -->
    <!-- moqui.basic.email -->
    <!-- moqui.basic.print -->
    <!-- ========================================================= -->

    <!-- ========== DataSource ========== -->
    <entity entity-name="DataSource" package="moqui.basic" use="nontransactional" cache="true">
        <field name="dataSourceId" type="id" is-pk="true"/>
        <field name="dataSourceTypeEnumId" type="id"/>
        <field name="description" type="text-medium"/>
        <relationship type="one" title="DataSourceType" related="moqui.basic.Enumeration">
            <key-map field-name="dataSourceTypeEnumId"/></relationship>
        <seed-data>
            <!-- =========================== Data Source Type Data ==================== -->
            <moqui.basic.EnumerationType description="Data Source Type" enumTypeId="DataSourceType"/>
            <moqui.basic.Enumeration description="Purchased Data" enumId="DST_PURCHASED_DATA" enumTypeId="DataSourceType"/>
            <moqui.basic.Enumeration description="Customer Data Entry" enumId="DST_CUSTOMER_ENTRY" enumTypeId="DataSourceType"/>
            <moqui.basic.Enumeration description="Internal Data Entry (employees, etc)" enumId="DST_INTERNAL_ENTRY" enumTypeId="DataSourceType"/>
            <moqui.basic.Enumeration description="Mailing List Sign-up" enumId="DST_MAILING_SIGNUP" enumTypeId="DataSourceType"/>
        </seed-data>
    </entity>

    <!-- ========== Enumeration ========== -->
    <entity entity-name="Enumeration" package="moqui.basic" use="configuration" short-alias="enums" cache="true">
        <field name="enumId" type="id" is-pk="true"/>
        <field name="enumTypeId" type="id"/>
        <field name="parentEnumId" type="id"/>
        <field name="enumCode" type="text-medium"/>
        <field name="sequenceNum" type="number-integer"/>
        <field name="description" type="text-medium" enable-localization="true"/>
        <field name="optionValue" type="text-medium"><description>Usage depends on enum type such as an ID format/mask</description></field>
        <field name="optionIndicator" type="text-indicator"><description>Indicator flag with meaning depending on enum type</description></field>
        <field name="relatedEnumId" type="id"/>
        <relationship type="one" related="moqui.basic.EnumerationType" short-alias="type"/>
        <relationship type="one-nofk" title="Parent" related="moqui.basic.Enumeration" short-alias="parent">
            <key-map field-name="parentEnumId"/></relationship>
        <relationship type="one-nofk" title="Related" related="moqui.basic.Enumeration" short-alias="related">
            <key-map field-name="relatedEnumId"/></relationship>
        <relationship type="many" related="moqui.basic.EnumGroupMember" short-alias="groupMembers">
            <key-map field-name="enumId" related="enumGroupEnumId"/></relationship>
        <seed-data>
            <moqui.basic.EnumerationType enumTypeId="_NA_" description="Not Applicable"/>
            <moqui.basic.Enumeration enumId="_NA_" enumTypeId="_NA_" description="Not Applicable"/>

            <moqui.basic.EnumerationType description="Boolean (Yes/No)" enumTypeId="BooleanYN"/>
            <moqui.basic.Enumeration description="Yes" enumId="BlY" enumTypeId="BooleanYN"/>
            <moqui.basic.Enumeration description="No" enumId="BlN" enumTypeId="BooleanYN"/>

            <!-- NOTE: It is very important that these remain in the sequence order (1-Monday through 7-Sunday)
                 so that ZDT calculations (which return ISO8601 values for the day of the week) work properly. -->
            <moqui.basic.EnumerationType description="Day of Week" enumTypeId="DayOfWeek"/>
            <moqui.basic.Enumeration description="Monday" enumId="DowMonday" sequenceNum="1" enumCode="MONDAY" enumTypeId="DayOfWeek"/>
            <moqui.basic.Enumeration description="Tuesday" enumId="DowTuesday" sequenceNum="2" enumCode="TUESDAY" enumTypeId="DayOfWeek"/>
            <moqui.basic.Enumeration description="Wednesday" enumId="DowWednesday" sequenceNum="3" enumCode="WEDNESDAY" enumTypeId="DayOfWeek"/>
            <moqui.basic.Enumeration description="Thursday" enumId="DowThursday" sequenceNum="4" enumCode="THURSDAY" enumTypeId="DayOfWeek"/>
            <moqui.basic.Enumeration description="Friday" enumId="DowFriday" sequenceNum="5" enumCode="FRIDAY" enumTypeId="DayOfWeek"/>
            <moqui.basic.Enumeration description="Saturday" enumId="DowSaturday" sequenceNum="6" enumCode="SATURDAY" enumTypeId="DayOfWeek"/>
            <moqui.basic.Enumeration description="Sunday" enumId="DowSunday" sequenceNum="7" enumCode="SUNDAY" enumTypeId="DayOfWeek"/>
        </seed-data>
        <master><detail relationship="type"/><detail relationship="parent"/><detail relationship="related"/></master>
    </entity>
    <entity entity-name="EnumerationType" package="moqui.basic" use="configuration" short-alias="enumerationTypes" cache="true">
        <field name="enumTypeId" type="id" is-pk="true"/>
        <field name="description" type="text-medium"/>
    </entity>
    <entity entity-name="EnumGroupMember" package="moqui.basic" use="configuration" cache="true">
        <field name="enumGroupEnumId" type="id" is-pk="true"/>
        <field name="enumId" type="id" is-pk="true"/>
        <field name="sequenceNum" type="number-integer"/>
        <field name="memberInfo" type="text-short"><description>General info about the member, usage is specific to the enum group</description></field>
        <relationship type="one" title="EnumGroup" related="moqui.basic.Enumeration">
            <key-map field-name="enumGroupEnumId"/></relationship>
        <relationship type="one" related="moqui.basic.Enumeration"/>
        <seed-data>
            <moqui.basic.EnumerationType description="Enumeration Group" enumTypeId="EnumGroup"/>
        </seed-data>
    </entity>
    <view-entity entity-name="EnumAndGroup" package="moqui.basic" cache="true">
        <description>For getting EnumGroup members by enumGroupEnumId</description>
        <member-entity entity-alias="EGM" entity-name="moqui.basic.EnumGroupMember"/>
        <member-entity entity-alias="ENUM" entity-name="moqui.basic.Enumeration" join-from-alias="EGM">
            <key-map field-name="enumId"/></member-entity>
        <alias-all entity-alias="EGM"/>
        <alias-all entity-alias="ENUM"><exclude field="sequenceNum"/></alias-all>
        <!-- better not to do this, sequence in group member records: <alias name="enumSequenceNum" entity-alias="ENUM" field="sequenceNum"/> -->
    </view-entity>
    <view-entity entity-name="ParentEnum" package="moqui.basic" cache="true">
        <member-entity entity-alias="ENUM" entity-name="moqui.basic.Enumeration"/>
        <member-entity entity-alias="ENUMP" entity-name="moqui.basic.Enumeration" join-from-alias="ENUM">
            <key-map field-name="parentEnumId" related="enumId"/>
        </member-entity>
        <alias-all entity-alias="ENUMP"/>
    </view-entity>
    <view-entity entity-name="EnumAndParent" package="moqui.basic" cache="true">
        <member-entity entity-alias="ENUM" entity-name="moqui.basic.Enumeration"/>
        <member-entity entity-alias="ENUMP" entity-name="moqui.basic.Enumeration" join-from-alias="ENUM" join-optional="true">
            <key-map field-name="parentEnumId" related="enumId"/>
        </member-entity>
        <alias-all entity-alias="ENUM"><exclude field="description"/></alias-all>
        <alias-all entity-alias="ENUMP" prefix="parent"><exclude field="enumId"/></alias-all>
        <alias name="enumDescription" entity-alias="ENUM" field="description"/>
        <alias name="description" type="text-medium">
            <complex-alias operator="||">
                <complex-alias-field entity-alias="ENUMP" field="description"/>
                <complex-alias expression="' - '"/>
                <complex-alias-field entity-alias="ENUM" field="description"/>
            </complex-alias>
        </alias>
    </view-entity>
    <view-entity entity-name="EnumGroupEnumAndParent" package="moqui.basic" cache="true">
        <member-entity entity-alias="EGM" entity-name="moqui.basic.EnumGroupMember"/>
        <member-entity entity-alias="ENUM" entity-name="moqui.basic.Enumeration" join-from-alias="EGM">
            <key-map field-name="enumId"/></member-entity>
        <member-entity entity-alias="ENUMP" entity-name="moqui.basic.Enumeration" join-from-alias="ENUM" join-optional="true">
            <key-map field-name="parentEnumId" related="enumId"/>
        </member-entity>
        <alias-all entity-alias="EGM"/>
        <alias-all entity-alias="ENUM">
            <exclude field="sequenceNum"/>
            <exclude field="description"/>
        </alias-all>
        <alias-all entity-alias="ENUMP" prefix="parent"><exclude field="enumId"/></alias-all>
        <alias name="enumDescription" entity-alias="ENUM" field="description"/>
        <alias name="description" type="text-medium">
            <complex-alias operator="||">
                <complex-alias-field entity-alias="ENUMP" field="description"/>
                <complex-alias expression="' - '"/>
                <complex-alias-field entity-alias="ENUM" field="description"/>
            </complex-alias>
        </alias>
    </view-entity>

    <!-- ========== Geo ========== -->
    <entity entity-name="Geo" package="moqui.basic" use="configuration" short-alias="geos" cache="true">
        <field name="geoId" type="id" is-pk="true"/>
        <field name="geoTypeEnumId" type="id"/>
        <field name="geoName" type="text-medium"/>
        <field name="geoNameLocal" type="text-medium"/>
        <field name="geoCodeAlpha2" type="text-short"/>
        <field name="geoCodeAlpha3" type="text-short"/>
        <field name="geoCodeNumeric" type="text-short"/>
        <field name="wellKnownText" type="text-very-long"/>
        <relationship type="one" title="GeoType" related="moqui.basic.Enumeration" short-alias="type">
            <key-map field-name="geoTypeEnumId"/></relationship>
        <relationship type="many" related="moqui.basic.GeoAssoc" short-alias="assocs">
            <key-map field-name="geoId"/></relationship>
        <relationship type="many" related="moqui.basic.GeoAssoc" short-alias="toAssocs">
            <key-map field-name="geoId" related="toGeoId"/></relationship>
        <seed-data>
            <!-- A placeholder for when there is no Geo -->
            <moqui.basic.Geo geoId="_NA_" geoName="Not Applicable" geoCodeAlpha3="_NA" geoCodeAlpha2="_N"/>

            <!-- =========================== Geo Type Data ============================ -->
            <moqui.basic.EnumerationType description="Geo Type" enumTypeId="GeoType"/>

            <!-- General Geographic Groupings -->
            <moqui.basic.Enumeration description="Group" enumId="GEOT_GROUP" enumTypeId="GeoType"/>
            <moqui.basic.Enumeration description="Region" enumId="GEOT_REGION" enumTypeId="GeoType"/>
            <moqui.basic.Enumeration description="Sales Region" enumId="GEOT_SALES_REGION" enumTypeId="GeoType"/>
            <moqui.basic.Enumeration description="Service Region" enumId="GEOT_SERVICE_REGION" enumTypeId="GeoType"/>

            <!-- Legal/Governmental Geographic Groupings based on Juris-diction -->
            <moqui.basic.Enumeration description="City" enumId="GEOT_CITY" enumTypeId="GeoType"/>
            <moqui.basic.Enumeration description="State" enumId="GEOT_STATE" enumTypeId="GeoType"/>
            <moqui.basic.Enumeration description="Postal Code" enumId="GEOT_POSTAL_CODE" enumTypeId="GeoType"/>
            <moqui.basic.Enumeration description="Country" enumId="GEOT_COUNTRY" enumTypeId="GeoType"/>
            <moqui.basic.Enumeration description="County" enumId="GEOT_COUNTY" enumTypeId="GeoType"/>
            <moqui.basic.Enumeration description="County-City" enumId="GEOT_COUNTY_CITY" enumTypeId="GeoType"/>
            <moqui.basic.Enumeration description="Municipality" enumId="GEOT_MUNICIPALITY" enumTypeId="GeoType"/>
            <moqui.basic.Enumeration description="Province" enumId="GEOT_PROVINCE" enumTypeId="GeoType"/>
            <moqui.basic.Enumeration description="Territory" enumId="GEOT_TERRITORY" enumTypeId="GeoType"/>
        </seed-data>
        <master>
            <detail relationship="type"/>
            <detail relationship="assocs"><detail relationship="toGeo"/><detail relationship="type"/></detail>
            <detail relationship="toAssocs"><detail relationship="geo"/><detail relationship="type"/></detail>
        </master>
    </entity>
    <view-entity entity-name="GeoAndType" package="moqui.basic">
        <member-entity entity-alias="GEO" entity-name="moqui.basic.Geo"/>
        <member-entity entity-alias="GTE" entity-name="moqui.basic.Enumeration" join-from-alias="GEO">
            <key-map field-name="geoTypeEnumId" related="enumId"/></member-entity>
        <alias-all entity-alias="GEO"/>
        <alias-all entity-alias="GTE" prefix="type"/>
    </view-entity>
    <entity entity-name="GeoAssoc" package="moqui.basic" use="configuration" cache="true">
        <field name="geoId" type="id" is-pk="true"/>
        <field name="toGeoId" type="id" is-pk="true"/>
        <field name="geoAssocTypeEnumId" type="id"/>
        <relationship type="one" title="Main" related="moqui.basic.Geo" short-alias="geo"/>
        <relationship type="one" title="Assoc" related="moqui.basic.Geo" short-alias="toGeo">
            <key-map field-name="toGeoId"/></relationship>
        <relationship type="one" title="GeoAssocType" related="moqui.basic.Enumeration" short-alias="type">
            <key-map field-name="geoAssocTypeEnumId"/></relationship>
        <seed-data>
            <moqui.basic.EnumerationType description="Geo Assoc Type" enumTypeId="GeoAssocType"/>
            <moqui.basic.Enumeration description="Geo Group Member" enumId="GAT_GROUP_MEMBER" enumTypeId="GeoAssocType"/>
            <moqui.basic.Enumeration description="Region of a Larger Geo" enumId="GAT_REGIONS" enumTypeId="GeoAssocType"/>
            <moqui.basic.Enumeration description="Administrative City" enumId="GAT_COUNTY_SEAT" enumTypeId="GeoAssocType"/>
        </seed-data>
    </entity>
    <view-entity entity-name="GeoAssocAndToDetail" package="moqui.basic">
        <member-entity entity-alias="GEOA" entity-name="moqui.basic.GeoAssoc"/>
        <member-entity entity-alias="GEOTO" entity-name="moqui.basic.Geo" join-from-alias="GEOA">
            <key-map field-name="toGeoId" related="geoId"/></member-entity>
        <alias-all entity-alias="GEOA"/>
        <alias-all entity-alias="GEOTO"><exclude field="geoId"/></alias-all>
    </view-entity>
    <view-entity entity-name="GeoAssocAndFromDetail" package="moqui.basic">
        <member-entity entity-alias="GEOA" entity-name="moqui.basic.GeoAssoc"/>
        <member-entity entity-alias="GEOFR" entity-name="moqui.basic.Geo" join-from-alias="GEOA">
            <key-map field-name="geoId"/></member-entity>
        <alias-all entity-alias="GEOA"/>
        <alias-all entity-alias="GEOFR"><exclude field="geoId"/></alias-all>
    </view-entity>
    <view-entity entity-name="GeoTypeAndAssocFromDetail" package="moqui.basic">
        <member-entity entity-alias="GEO" entity-name="moqui.basic.Geo"/>
        <member-entity entity-alias="GTE" entity-name="moqui.basic.Enumeration" join-from-alias="GEO">
            <key-map field-name="geoTypeEnumId" related="enumId"/></member-entity>
        <member-entity entity-alias="GEOA" entity-name="moqui.basic.GeoAssoc" join-from-alias="GEO" join-optional="true">
            <key-map field-name="geoId" related="toGeoId"/></member-entity>
        <member-entity entity-alias="GEOFR" entity-name="moqui.basic.Geo" join-from-alias="GEOA" join-optional="true">
            <key-map field-name="geoId"/></member-entity>
        <alias-all entity-alias="GEO"/>
        <alias-all entity-alias="GTE"/>
        <alias-all entity-alias="GEOA"/>
        <alias-all entity-alias="GEOFR" prefix="from"/>
    </view-entity>
    <entity entity-name="GeoPoint" package="moqui.basic" use="configuration" short-alias="geoPoints" cache="true">
        <field name="geoPointId" type="id" is-pk="true"/>
        <field name="geoPointTypeEnumId" type="id"/>
        <field name="description" type="text-medium"/>
        <field name="dataSourceId" type="id"/>
        <field name="latitude" type="number-float"/>
        <field name="longitude" type="number-float"/>
        <field name="elevation" type="number-float"/>
        <field name="elevationUomId" type="id"/>
        <field name="information" type="text-medium"/>
        <relationship type="one" title="GeoPointType" related="moqui.basic.Enumeration" short-alias="type">
            <key-map field-name="geoPointTypeEnumId"/></relationship>
        <relationship type="one" related="moqui.basic.DataSource" short-alias="dataSource"/>
        <relationship type="one" title="Elevation" related="moqui.basic.Uom" short-alias="elevationUom">
            <key-map field-name="elevationUomId"/></relationship>
        <seed-data>
            <moqui.basic.EnumerationType description="Geo Point Type" enumTypeId="GeoPointType"/>
        </seed-data>
        <master><detail relationship="type"/><detail relationship="dataSource"/><detail relationship="elevationUom"/></master>
    </entity>

    <!-- ========== Localized ========== -->
    <entity entity-name="LocalizedMessage" package="moqui.basic" use="configuration" authorize-skip="view" cache="true">
        <field name="original" type="text-medium" is-pk="true"/>
        <field name="locale" type="text-short" is-pk="true"/>
        <field name="localized" type="text-long"/>
    </entity>
    <entity entity-name="LocalizedEntityField" package="moqui.basic" use="configuration" authorize-skip="view" cache="true">
        <field name="entityName" type="text-medium" is-pk="true"/>
        <field name="fieldName" type="text-medium" is-pk="true"/>
        <field name="pkValue" type="text-medium" is-pk="true"/>
        <field name="locale" type="text-short" is-pk="true"/>
        <field name="localized" type="text-long"/>
    </entity>

    <!-- ========== Status ========== -->
    <entity entity-name="StatusItem" package="moqui.basic" use="configuration" short-alias="statuses" cache="true">
        <field name="statusId" type="id" is-pk="true"/>
        <field name="statusTypeId" type="id"/>
        <field name="statusCode" type="text-medium"/>
        <field name="sequenceNum" type="number-integer"/>
        <field name="description" type="text-medium" enable-localization="true"/>
        <relationship type="one" related="moqui.basic.StatusType" short-alias="type"/>
        <relationship type="many" related="moqui.basic.StatusFlowItem" short-alias="flows">
            <key-map field-name="statusId"/></relationship>
        <relationship type="many" related="moqui.basic.StatusFlowTransition" short-alias="transitions">
            <key-map field-name="statusId"/></relationship>
        <relationship type="many" related="moqui.basic.StatusFlowTransition" short-alias="toTransitions">
            <key-map field-name="statusId" related="toStatusId"/></relationship>
        <seed-data>
            <moqui.basic.StatusType statusTypeId="_NA_" description="Not Applicable"/>
            <moqui.basic.StatusItem statusId="_NA_" statusTypeId="_NA_" description="Not Applicable"/>
        </seed-data>
        <master>
            <detail relationship="type"/>
            <detail relationship="flows"><detail relationship="flow"/></detail>
            <detail relationship="transitions"><detail relationship="flow"/><detail relationship="toStatus"/></detail>
            <detail relationship="toTransitions"><detail relationship="flow"/><detail relationship="status"/></detail>
        </master>
    </entity>
    <entity entity-name="StatusType" package="moqui.basic" use="configuration" short-alias="statusTypes">
        <field name="statusTypeId" type="id" is-pk="true"/>
        <field name="parentTypeId" type="id"/>
        <field name="description" type="text-medium"/>
        <relationship type="one" title="Parent" related="moqui.basic.StatusType">
            <!-- NOTE: related is necessary here because it is a reference back to the same entity and
                 will find the parentTypeId as the related field because it matches by name. -->
            <key-map field-name="parentTypeId" related="statusTypeId"/>
        </relationship>
    </entity>
    <entity entity-name="StatusFlow" package="moqui.basic" use="configuration">
        <field name="statusFlowId" type="id" is-pk="true"/>
        <field name="statusTypeId" type="id"><description>Optional. If specified uses status items with this type.</description></field>
        <field name="description" type="text-medium"/>
        <relationship type="one" related="moqui.basic.StatusType" short-alias="type"/>
        <seed-data>
            <moqui.basic.StatusFlow statusFlowId="Default" description="Default status flow across entire system."/>
        </seed-data>
    </entity>
    <entity entity-name="StatusFlowItem" package="moqui.basic" use="configuration">
        <field name="statusFlowId" type="id" is-pk="true"/>
        <field name="statusId" type="id" is-pk="true"/>
        <field name="isInitial" type="text-indicator"><description>If true can be an initial status in this flow.</description></field>
        <relationship type="one" related="moqui.basic.StatusFlow" short-alias="flow"/>
        <relationship type="one" related="moqui.basic.StatusItem" short-alias="status"/>
    </entity>
    <entity entity-name="StatusFlowTransition" package="moqui.basic" use="configuration" cache="true">
        <field name="statusFlowId" type="id" is-pk="true"/>
        <field name="statusId" type="id" is-pk="true"/>
        <field name="toStatusId" type="id" is-pk="true"/>
        <field name="transitionSequence" type="number-integer"/>
        <field name="transitionName" type="text-medium" enable-localization="true"/>
        <field name="conditionExpression" type="text-medium"/>
        <relationship type="one" related="moqui.basic.StatusFlow" short-alias="flow"/>
        <relationship type="one" related="moqui.basic.StatusItem" short-alias="status"/>
        <relationship type="one" title="To" related="moqui.basic.StatusItem" short-alias="toStatus">
            <key-map field-name="toStatusId" related="statusId"/></relationship>
    </entity>
    <view-entity entity-name="StatusFlowItemDetail" package="moqui.basic">
        <member-entity entity-alias="SFI" entity-name="moqui.basic.StatusFlowItem"/>
        <member-entity entity-alias="SI" entity-name="moqui.basic.StatusItem" join-from-alias="SFI">
            <key-map field-name="statusId"/></member-entity>
        <alias-all entity-alias="SFI"/>
        <alias-all entity-alias="SI"><exclude field="statusId"/></alias-all>
    </view-entity>
    <view-entity entity-name="StatusFlowTransitionToDetail" package="moqui.basic">
        <member-entity entity-alias="SFT" entity-name="moqui.basic.StatusFlowTransition"/>
        <member-entity entity-alias="SI" entity-name="moqui.basic.StatusItem" join-from-alias="SFT">
            <key-map field-name="toStatusId" related="statusId"/></member-entity>
        <alias-all entity-alias="SFT"/>
        <alias-all entity-alias="SI"><exclude field="statusId"/></alias-all>
        <entity-condition><order-by field-name="sequenceNum"/></entity-condition>
    </view-entity>

    <!-- ========== Uom ========== -->
    <entity entity-name="Uom" package="moqui.basic" use="configuration" short-alias="uoms" cache="true">
        <field name="uomId" type="id" is-pk="true"/>
        <field name="uomTypeEnumId" type="id"/>
        <field name="abbreviation" type="text-short"/>
        <field name="description" type="text-medium"/>
        <relationship type="one" title="UomType" related="moqui.basic.Enumeration" short-alias="type">
            <key-map field-name="uomTypeEnumId"/></relationship>
        <relationship type="many" related="moqui.basic.UomConversion" short-alias="conversions">
            <key-map field-name="uomId"/></relationship>
        <relationship type="many" related="moqui.basic.UomConversion" short-alias="toConversions">
            <key-map field-name="uomId" related="toUomId"/></relationship>
        <seed-data>
            <!-- =========================== UOM Type Data ============================ -->
            <moqui.basic.EnumerationType description="UOM Type" enumTypeId="UomType"/>
            <moqui.basic.Enumeration description="Currency" enumId="UT_CURRENCY_MEASURE" enumTypeId="UomType"/>
            <moqui.basic.Enumeration description="Data Size" enumId="UT_DATA_MEASURE" enumTypeId="UomType"/>
            <moqui.basic.Enumeration description="Data Speed" enumId="UT_DATASPD_MEASURE" enumTypeId="UomType"/>
            <moqui.basic.Enumeration description="Time/Frequency" enumId="UT_TIME_FREQ_MEASURE" enumTypeId="UomType"/>
            <moqui.basic.Enumeration description="Length" enumId="UT_LENGTH_MEASURE" enumTypeId="UomType"/>
            <moqui.basic.Enumeration description="Velocity" enumId="UT_VELOCITY_MEASURE" enumTypeId="UomType"/>
            <moqui.basic.Enumeration description="Area" enumId="UT_AREA_MEASURE" enumTypeId="UomType"/>
            <moqui.basic.Enumeration description="Liquid Volume" enumId="UT_VOLUME_LIQ_MEAS" enumTypeId="UomType"/>
            <moqui.basic.Enumeration description="Dry Volume" enumId="UT_VOLUME_DRY_MEAS" enumTypeId="UomType"/>
            <moqui.basic.Enumeration description="Density" enumId="UT_DENSITY_MEAS" enumTypeId="UomType"/>
            <moqui.basic.Enumeration description="Weight" enumId="UT_WEIGHT_MEASURE" enumTypeId="UomType"/>
            <moqui.basic.Enumeration description="Energy" enumId="UT_ENERGY_MEASURE" enumTypeId="UomType"/>
            <moqui.basic.Enumeration description="Power" enumId="UT_POWER_MEASURE" enumTypeId="UomType"/>
            <moqui.basic.Enumeration description="Pressure" enumId="UT_PRESSURE_MEASURE" enumTypeId="UomType"/>
            <moqui.basic.Enumeration description="Temperature" enumId="UT_TEMP_MEASURE" enumTypeId="UomType"/>
            <moqui.basic.Enumeration description="Other" enumId="UT_OTHER_MEASURE" enumTypeId="UomType"/>
        </seed-data>
        <master>
            <detail relationship="type"/>
            <detail relationship="conversions"><detail relationship="toUom"/></detail>
            <detail relationship="toConversions"><detail relationship="uom"/></detail>
        </master>
    </entity>
    <view-entity entity-name="UomAndType" package="moqui.basic" cache="true">
        <member-entity entity-alias="UOM" entity-name="moqui.basic.Uom"/>
        <member-entity entity-alias="UTE" entity-name="moqui.basic.Enumeration" join-from-alias="UOM">
            <key-map field-name="uomTypeEnumId" related="enumId"/></member-entity>
        <alias entity-alias="UOM" name="uomId"/>
        <alias entity-alias="UOM" name="uomTypeEnumId"/>
        <alias entity-alias="UOM" name="description"/>
        <alias entity-alias="UOM" name="abbreviation"/>
        <alias entity-alias="UTE" name="typeDescription" field="description"/>
    </view-entity>
    <entity entity-name="UomConversion" package="moqui.basic" use="configuration" cache="true">
        <field name="uomConversionId" type="id" is-pk="true"/>
        <field name="uomId" type="id"/>
        <field name="toUomId" type="id"/>
        <field name="fromDate" type="date-time"/>
        <field name="thruDate" type="date-time"/>
        <field name="conversionFactor" type="number-float"/>
        <field name="conversionOffset" type="number-decimal">
            <description>The factor is multiplied first, then the offset is added. When converting in the reverse
                direction the offset is subtracted first, then divided by the factor.
            </description>
        </field>
        <field name="purposeEnumId" type="id"/>
        <relationship type="one" related="moqui.basic.Uom" short-alias="uom"/>
        <relationship type="one" title="To" related="moqui.basic.Uom" short-alias="toUom">
            <key-map field-name="toUomId" related="uomId"/></relationship>
        <relationship type="one" related="moqui.basic.Enumeration" title="UomConversionPurpose">
            <key-map field-name="purposeEnumId" related="enumId"/></relationship>
        <seed-data>
            <moqui.basic.EnumerationType description="Uom Conversion Purpose" enumTypeId="UomConversionPurpose"/>
        </seed-data>
    </entity>
    <view-entity entity-name="UomConversionAndToDetail" package="moqui.basic">
        <member-entity entity-alias="UOMC" entity-name="moqui.basic.UomConversion"/>
        <member-entity entity-alias="UOMTO" entity-name="moqui.basic.Uom" join-from-alias="UOMC">
            <key-map field-name="toUomId" related="uomId"/></member-entity>
        <alias-all entity-alias="UOMC"/>
        <alias-all entity-alias="UOMTO"><exclude field="uomId"/></alias-all>
    </view-entity>
    <view-entity entity-name="UomConversionAndFromDetail" package="moqui.basic">
        <member-entity entity-alias="UOMC" entity-name="moqui.basic.UomConversion"/>
        <member-entity entity-alias="UOMFR" entity-name="moqui.basic.Uom" join-from-alias="UOMC">
            <key-map field-name="uomId"/></member-entity>
        <alias-all entity-alias="UOMC"/>
        <alias-all entity-alias="UOMFR"><exclude field="uomId"/></alias-all>
    </view-entity>

    <entity entity-name="UomGroupMember" package="moqui.basic" use="configuration" cache="true">
        <field name="uomGroupEnumId" type="id" is-pk="true"/>
        <field name="uomId" type="id" is-pk="true"/>
        <relationship type="one" title="UomGroup" related="moqui.basic.Enumeration">
            <key-map field-name="uomGroupEnumId"/></relationship>
        <relationship type="one" related="moqui.basic.Uom"/>
        <seed-data>
            <moqui.basic.EnumerationType description="UOM Group" enumTypeId="UomGroup"/>
        </seed-data>
    </entity>
    <view-entity entity-name="UomAndGroup" package="moqui.basic" cache="true">
        <member-entity entity-alias="UOM" entity-name="moqui.basic.Uom"/>
        <member-entity entity-alias="UGM" entity-name="moqui.basic.UomGroupMember" join-from-alias="UOM">
            <key-map field-name="uomId"/></member-entity>
        <alias-all entity-alias="UOM"/>
        <alias-all entity-alias="UGM"/>
    </view-entity>

    <!-- ========================================================= -->
    <!-- moqui.basic.email -->
    <!-- ========================================================= -->

    <entity entity-name="EmailMessage" package="moqui.basic.email" use="nontransactional" short-alias="emailMessages" cache="never">
        <field name="emailMessageId" type="id" is-pk="true"/>
        <field name="rootEmailMessageId" type="id">
            <description>For threaded messages, this points to the message that started the thread.</description></field>
        <field name="parentEmailMessageId" type="id">
            <description>For threaded messages, this points to the previous message in the thread.</description></field>
        <field name="statusId" type="id" enable-audit-log="true"/>
        <field name="emailTypeEnumId" type="id"/>
        <field name="sentDate" type="date-time"/>
        <field name="receivedDate" type="date-time"/>
        <field name="subject" type="text-medium"/>
        <field name="body" type="text-very-long"/>
        <field name="bodyText" type="text-very-long"><description>The plain text variation of the body</description></field>
        <!-- Removed because unused and causes row size to be too long (in MySQL, others?): <field name="note" type="text-long"/> -->
        <field name="headersString" type="text-very-long"/>
        <field name="fromAddress" type="text-medium"/>
        <field name="fromName" type="text-medium"/>
        <field name="toAddresses" type="text-long"/>
        <field name="ccAddresses" type="text-long"/>
        <field name="bccAddresses" type="text-long"/>
        <field name="contentType" type="text-medium"/>
        <field name="messageId" type="text-medium"/>
        <field name="fromUserId" type="id"/>
        <field name="toUserId" type="id"/>
        <field name="emailTemplateId" type="id"><description>For outgoing messages that came from an EmailTemplate.</description></field>
        <field name="emailServerId" type="id"/>

        <relationship type="one" title="EmailMessage" related="moqui.basic.StatusItem" short-alias="status"/>
        <relationship type="one" title="EmailType" related="moqui.basic.Enumeration" short-alias="type">
            <key-map field-name="emailTypeEnumId"/></relationship>
        <relationship type="one" title="Root" related="moqui.basic.email.EmailMessage" short-alias="root">
            <key-map field-name="rootEmailMessageId" related="emailMessageId"/></relationship>
        <relationship type="one" title="Parent" related="moqui.basic.email.EmailMessage" short-alias="parent">
            <key-map field-name="parentEmailMessageId" related="emailMessageId"/></relationship>
        <relationship type="many" title="Child" related="moqui.basic.email.EmailMessage" short-alias="children">
            <key-map field-name="emailMessageId" related="parentEmailMessageId"/></relationship>
        <relationship type="one" title="From" related="moqui.security.UserAccount" short-alias="fromUser">
            <key-map field-name="fromUserId"/></relationship>
        <relationship type="one" title="To" related="moqui.security.UserAccount" short-alias="toUser">
            <key-map field-name="toUserId"/></relationship>
        <relationship type="one" related="moqui.basic.email.EmailTemplate" short-alias="template"/>
        <relationship type="one" related="moqui.basic.email.EmailServer" short-alias="server"/>

        <index name="EMAIL_MSG_ID"><index-field name="messageId"/></index>

        <seed-data>
            <!-- Email Message Status -->
            <moqui.basic.StatusType description="Email Message Status" statusTypeId="EmailMessage"/>
            <moqui.basic.StatusItem description="Draft" sequenceNum="1" statusId="ES_DRAFT" statusTypeId="EmailMessage"/>
            <moqui.basic.StatusItem description="Ready" sequenceNum="2" statusId="ES_READY" statusTypeId="EmailMessage"/>
            <moqui.basic.StatusItem description="Sent" sequenceNum="3" statusId="ES_SENT" statusTypeId="EmailMessage"/>
            <moqui.basic.StatusItem description="Received" sequenceNum="4" statusId="ES_RECEIVED" statusTypeId="EmailMessage"/>
            <moqui.basic.StatusItem description="Viewed" sequenceNum="5" statusId="ES_VIEWED" statusTypeId="EmailMessage"/>
            <moqui.basic.StatusItem description="Bounced" sequenceNum="8" statusId="ES_BOUNCED" statusTypeId="EmailMessage"/>
            <moqui.basic.StatusItem description="Cancelled" sequenceNum="9" statusId="ES_CANCELLED" statusTypeId="EmailMessage"/>
            <moqui.basic.StatusFlowTransition statusFlowId="Default" statusId="ES_DRAFT" toStatusId="ES_READY" transitionName="Ready"/>
            <moqui.basic.StatusFlowTransition statusFlowId="Default" statusId="ES_READY" toStatusId="ES_SENT" transitionName="Send"/>
            <moqui.basic.StatusFlowTransition statusFlowId="Default" statusId="ES_READY" toStatusId="ES_VIEWED" transitionName="View"/>
            <moqui.basic.StatusFlowTransition statusFlowId="Default" statusId="ES_READY" toStatusId="ES_CANCELLED" transitionName="Cancel"/>
            <moqui.basic.StatusFlowTransition statusFlowId="Default" statusId="ES_SENT" toStatusId="ES_RECEIVED" transitionName="Received"/>
            <moqui.basic.StatusFlowTransition statusFlowId="Default" statusId="ES_SENT" toStatusId="ES_VIEWED" transitionName="View"/>
            <moqui.basic.StatusFlowTransition statusFlowId="Default" statusId="ES_SENT" toStatusId="ES_BOUNCED" transitionName="Bounce"/>
            <moqui.basic.StatusFlowTransition statusFlowId="Default" statusId="ES_RECEIVED" toStatusId="ES_VIEWED" transitionName="View"/>
            <moqui.basic.StatusFlowTransition statusFlowId="Default" statusId="ES_BOUNCED" toStatusId="ES_SENT" transitionName="Send"/>

            <!-- Email Type -->
            <moqui.basic.EnumerationType description="Email Type" enumTypeId="EmailType"/>
            <moqui.basic.Enumeration description="System" enumId="EMT_SYSTEM" enumTypeId="EmailType"/>
            <moqui.basic.Enumeration description="Password Reset" enumId="EMT_PWD_RESET" parentEnumId="EMT_SYSTEM" enumTypeId="EmailType"/>
            <moqui.basic.Enumeration description="Notification" enumId="EMT_NOTIFICATION" parentEnumId="EMT_SYSTEM" enumTypeId="EmailType"/>
            <moqui.basic.Enumeration description="Screen Render" enumId="EMT_SCREEN_RENDER" parentEnumId="EMT_SYSTEM" enumTypeId="EmailType"/>
            <!-- <moqui.basic.Enumeration description="Error Notice" enumId="EMT_ERROR_NOTICE" parentEnumId="EMT_SYSTEM" enumTypeId="EmailType"/> -->

            <moqui.basic.Enumeration description="Registration Confirmation" enumId="EMT_REG_CONFIRM" enumTypeId="EmailType"/>
            <moqui.basic.Enumeration description="Update Personal Info Confirmation" enumId="EMT_UPD_INFO_CONFIRM" enumTypeId="EmailType"/>
            <moqui.basic.Enumeration description="Email Address Verification" enumId="EMT_EMAIL_VERIFY" enumTypeId="EmailType"/>
            <moqui.basic.Enumeration description="Account Invitation" enumId="EMT_ACCOUNT_INVITE" enumTypeId="EmailType"/>
            <!-- <moqui.basic.Enumeration description="Contact Us Notification" enumId="EMT_CONACT_US_NOT" enumTypeId="EmailType"/> -->
        </seed-data>
        <master>
            <detail relationship="status"/><detail relationship="type"/>
            <detail relationship="root" use-master="default"/><detail relationship="parent" use-master="default"/>
            <detail relationship="children" use-master="default"/>
            <detail relationship="fromUser"/><detail relationship="toUser"/>
            <detail relationship="template"/><detail relationship="server"/>
        </master>
    </entity>
    <entity entity-name="EmailServer" package="moqui.basic.email" use="configuration" cache="true">
        <field name="emailServerId" type="id" is-pk="true"/>
        <field name="smtpHost" type="text-medium"/>
        <field name="smtpPort" type="text-short"/>
        <field name="smtpStartTls" type="text-indicator"/>
        <field name="smtpSsl" type="text-indicator"/>
        <field name="storeHost" type="text-medium"/>
        <field name="storePort" type="text-short"/>
        <field name="storeProtocol" type="text-short"/>
        <field name="storeFolder" type="text-medium"><description>Defaults to INBOX</description></field>
        <field name="storeDelete" type="text-indicator"/>
        <field name="storeMarkSeen" type="text-indicator"/>
        <field name="storeSkipSeen" type="text-indicator"/>
        <field name="mailUsername" type="text-medium"/>
        <field name="mailPassword" type="text-medium" encrypt="true"/>
        <seed-data>
            <!-- The MOQUI_LOCAL EmailServer is used by SubEthaSmtpToolFactory for the local SMTP server to setup the server, and
                for use by send#EmailTemplate if this emailServerId is used to send email -->
            <moqui.basic.email.EmailServer emailServerId="MOQUI_LOCAL"
                    smtpHost="localhost" smtpPort="2525" smtpStartTls="N" smtpSsl="N"
                    storeHost="" storePort="" storeProtocol="" storeFolder=""
                    storeDelete="N" storeMarkSeen="Y" storeSkipSeen="Y"
                    mailUsername="email.root" mailPassword="EMAIL_CHANGEME"/>

            <!-- NOTE: these are skeleton settings and some fields need to be filled in (probably best with another data file)
                for your specific installation in order to be functional -->
            <moqui.basic.email.EmailServer emailServerId="SYSTEM"/>
            <!-- Example values, not actually loaded because would overwrite updated values on seed reload:
                smtpHost="smtp.gmail.com" smtpPort="587" smtpStartTls="Y" smtpSsl="N"
                storeHost="imap.gmail.com" storePort="993" storeProtocol="imaps" storeFolder=""
                storeDelete="N" storeMarkSeen="Y" storeSkipSeen="Y"
                mailUsername="CHANGEME@gmail.com" mailPassword="CHANGEME"
            -->
            <!-- Other common values:
                smtpPort="25" (std) smtpPort="465" (ssmtp) smtpPort="587" (ssmtp?)
                storeProtocol="imap" storePort="143" (std) storePort="585" (imap4-ssl) storePort="993" (imaps)
                storeProtocol="pop3" storePort="110" (std) storePort="995" (ssl-pop)
            -->
        </seed-data>
    </entity>
    <entity entity-name="EmailTemplate" package="moqui.basic.email" use="configuration" short-alias="emailTemplates" cache="true">
        <field name="emailTemplateId" type="id" is-pk="true"/>
        <field name="description" type="text-medium"/>
        <field name="emailServerId" type="id"/>
        <field name="emailTypeEnumId" type="id"/>
        <field name="fromAddress" type="text-medium"/>
        <field name="fromName" type="text-medium"/>
        <field name="replyToAddresses" type="text-medium"><description>Comma separated list of reply to email addresses</description></field>
        <field name="bounceAddress" type="text-medium"/>
        <field name="ccAddresses" type="text-medium"><description>Comma separated list of CC email addresses</description></field>
        <field name="bccAddresses" type="text-medium"><description>Comma separated list of BCC email addresses</description></field>
        <field name="subject" type="text-long"/>
        <field name="bodyScreenLocation" type="text-medium"/>
        <field name="webappName" type="text-medium"/>
        <field name="sendPartial" type="text-indicator"/>
        <relationship type="one" related="moqui.basic.email.EmailServer" short-alias="server"/>
        <relationship type="one" title="EmailType" related="moqui.basic.Enumeration" short-alias="type">
            <key-map field-name="emailTypeEnumId"/></relationship>
        <relationship type="many" related="moqui.basic.email.EmailTemplateAttachment" short-alias="attachments">
            <key-map field-name="emailTemplateId"/></relationship>
        <master><detail relationship="server"/><detail relationship="attachments"/></master>
    </entity>
    <entity entity-name="EmailTemplateAttachment" package="moqui.basic.email" use="configuration" cache="true">
        <field name="emailTemplateId" type="id" is-pk="true"/>
        <field name="fileName" type="text-medium" is-pk="true"/>
        <field name="attachmentLocation" type="text-medium"/>
        <field name="screenRenderMode" type="text-short"><description>
            Used to determine the MIME/content type, and which screen render template to use. Can be used to generate
            XSL:FO that is transformed to a PDF and attached to the email with screenRenderMode=xsl-fo.

            If empty the content at attachmentLocation will be sent over without rendering and its MIME type will be based on its extension.
        </description></field>
        <field name="forEachIn" type="text-medium"><description>
            A Groovy expression that evaluates to a Collection in the context to iterate over and add an attachment for each.
            If entries are Map objects puts all entries in context for each (pushed/isolated context), otherwise puts Collection entry in 'forEachEntry' field.
            Only applicable if screenRenderMode is specified so that there is a render of the attachment.
        </description></field>
        <field name="attachmentCondition" type="text-medium"><description>Optional Groovy expression evaluated as a boolean,
            if specified and evaluates to false attachment will be skipped.</description></field>
        <relationship type="one" related="moqui.basic.email.EmailTemplate"/>
    </entity>

    <!-- ========================================================= -->
    <!-- moqui.basic.print -->
    <!-- ========================================================= -->

    <entity entity-name="NetworkPrinter" package="moqui.basic.print" use="configuration">
        <field name="networkPrinterId" type="id" is-pk="true"/>
        <field name="serverHost" type="text-medium"/>
        <field name="serverPort" type="number-integer"><description>Defaults to 631</description></field>
        <field name="printerName" type="text-medium"><description>Leave empty to use default printer on print server</description></field>
        <field name="description" type="text-medium"/>
        <field name="location" type="text-medium"/>
    </entity>
    <entity entity-name="PrintJob" package="moqui.basic.print" use="nontransactional" short-alias="printJobs" cache="never">
        <field name="printJobId" type="id" is-pk="true"/>
        <field name="statusId" type="id" enable-audit-log="true"/>
        <field name="createdDate" type="date-time"/>
        <field name="errorMessage" type="text-long"/>
        <field name="networkPrinterId" type="id"/>
        <field name="username" type="text-short"/>
        <field name="jobId" type="number-integer"/>
        <field name="jobName" type="text-medium"/>
        <field name="copies" type="number-integer"/>
        <field name="duplex" type="text-indicator"/>
        <field name="pageRanges" type="text-short"/>
        <field name="contentType" type="text-short"/>
        <field name="document" type="binary-very-long"/>
        <relationship type="one" related="moqui.basic.print.NetworkPrinter" short-alias="printer"/>
        <relationship type="one" title="PrintJob" related="moqui.basic.StatusItem" short-alias="status"/>
        <seed-data>
            <!-- Print Job Status -->
            <moqui.basic.StatusType description="Print Job Status" statusTypeId="PrintJob"/>
            <moqui.basic.StatusItem description="Not Sent" sequenceNum="1" statusId="PtjNotSent" statusTypeId="PrintJob"/>
            <moqui.basic.StatusItem description="Send Failed" sequenceNum="2" statusId="PtjSendFailed" statusTypeId="PrintJob"/>

            <moqui.basic.StatusItem description="Pending" sequenceNum="11" statusId="PtjPending" statusTypeId="PrintJob"/>
            <moqui.basic.StatusItem description="Pending Held" sequenceNum="12" statusId="PtjPendingHeld" statusTypeId="PrintJob"/>
            <moqui.basic.StatusItem description="Processing" sequenceNum="13" statusId="PtjProcessing" statusTypeId="PrintJob"/>
            <moqui.basic.StatusItem description="Processing Stopped" sequenceNum="14" statusId="PtjProcessingStopped" statusTypeId="PrintJob"/>
            <moqui.basic.StatusItem description="Completed" sequenceNum="15" statusId="PtjCompleted" statusTypeId="PrintJob"/>
            <moqui.basic.StatusItem description="Aborted" sequenceNum="18" statusId="PtjAborted" statusTypeId="PrintJob"/>
            <moqui.basic.StatusItem description="Canceled" sequenceNum="19" statusId="PtjCanceled" statusTypeId="PrintJob"/>

            <moqui.basic.StatusFlowTransition statusFlowId="Default" statusId="PtjNotSent" toStatusId="PtjPending" transitionName="Send"/>
            <moqui.basic.StatusFlowTransition statusFlowId="Default" statusId="PtjNotSent" toStatusId="PtjSendFailed" transitionName="Failed"/>
            <moqui.basic.StatusFlowTransition statusFlowId="Default" statusId="PtjSendFailed" toStatusId="PtjPending" transitionName="Send"/>
            <moqui.basic.StatusFlowTransition statusFlowId="Default" statusId="PtjPending" toStatusId="PtjProcessing" transitionName="Process"/>
            <moqui.basic.StatusFlowTransition statusFlowId="Default" statusId="PtjProcessing" toStatusId="PtjCompleted" transitionName="Complete"/>
            <moqui.basic.StatusFlowTransition statusFlowId="Default" statusId="PtjPending" toStatusId="PtjCompleted" transitionName="Complete"/>

            <moqui.basic.StatusFlowTransition statusFlowId="Default" statusId="PtjPending" toStatusId="PtjPendingHeld" transitionName="Hold"/>
            <moqui.basic.StatusFlowTransition statusFlowId="Default" statusId="PtjPendingHeld" toStatusId="PtjPending" transitionName="Release"/>
            <moqui.basic.StatusFlowTransition statusFlowId="Default" statusId="PtjProcessing" toStatusId="PtjProcessingStopped" transitionName="Stop"/>
            <moqui.basic.StatusFlowTransition statusFlowId="Default" statusId="PtjProcessingStopped" toStatusId="PtjProcessing" transitionName="Resume"/>

            <moqui.basic.StatusFlowTransition statusFlowId="Default" statusId="PtjPending" toStatusId="PtjAborted" transitionName="Abort"/>
            <moqui.basic.StatusFlowTransition statusFlowId="Default" statusId="PtjPendingHeld" toStatusId="PtjAborted" transitionName="Abort"/>
            <moqui.basic.StatusFlowTransition statusFlowId="Default" statusId="PtjProcessing" toStatusId="PtjAborted" transitionName="Abort"/>
            <moqui.basic.StatusFlowTransition statusFlowId="Default" statusId="PtjProcessingStopped" toStatusId="PtjAborted" transitionName="Abort"/>

            <moqui.basic.StatusFlowTransition statusFlowId="Default" statusId="PtjPending" toStatusId="PtjCanceled" transitionName="Cancel"/>
            <moqui.basic.StatusFlowTransition statusFlowId="Default" statusId="PtjPendingHeld" toStatusId="PtjCanceled" transitionName="Cancel"/>
            <moqui.basic.StatusFlowTransition statusFlowId="Default" statusId="PtjProcessing" toStatusId="PtjCanceled" transitionName="Cancel"/>
            <moqui.basic.StatusFlowTransition statusFlowId="Default" statusId="PtjProcessingStopped" toStatusId="PtjCanceled" transitionName="Cancel"/>
        </seed-data>
        <master><detail relationship="printer"/><detail relationship="status"/></master>
    </entity>
</entities>
