<?xml version="1.0" encoding="UTF-8"?>
<!--
This software is in the public domain under CC0 1.0 Universal plus a 
Grant of Patent License.

To the extent possible under law, the author(s) have dedicated all
copyright and related and neighboring rights to this software to the
public domain worldwide. This software is distributed without any
warranty.

You should have received a copy of the CC0 Public Domain Dedication
along with this software (see the LICENSE.md file). If not, see
<http://creativecommons.org/publicdomain/zero/1.0/>.
-->
<screen xmlns:xsi="http://www.w3.org/2001/XMLSchema-instance"
        xsi:noNamespaceSchemaLocation="http://moqui.org/xsd/xml-screen-2.1.xsd"
        default-menu-title="Parties" default-menu-index="3">

    <parameter name="workEffortId"/>
    <parameter name="rootWorkEffortId" required="true" from="rootWorkEffortId ?: workEffortId"/>

    <transition name="addUserAssign">
        <service-call name="create#mantle.work.effort.WorkEffortParty" in-map="context"/>
        <default-response url="."/>
    </transition>
    <transition name="updateUserAssign">
        <service-call name="update#mantle.work.effort.WorkEffortParty" in-map="context"/>
        <default-response url="."/>
    </transition>
    <transition name="editUser"><default-response url="../../User/EditUser"/></transition>

    <transition name="getPersonList">
        <actions>
            <entity-find entity-name="mantle.party.PersonAndUserAccount" list="pauList" limit="20">
                <econditions combine="or">
                    <econdition field-name="firstName" operator="like" value="%${term}%" ignore-case="true"/>
                    <econdition field-name="lastName" operator="like" value="%${term}%" ignore-case="true"/>
                    <econdition field-name="username" operator="like" value="%${term}%" ignore-case="true"/>
                </econditions>
                <order-by field-name="^firstName"/><order-by field-name="^lastName"/><order-by field-name="^username"/>
            </entity-find>
            <script>
                def outList = []
                for (def pau in pauList)
                    outList.add([value:pau.partyId, label:"${pau.firstName} ${pau.lastName} (${pau.username})".toString()])
                ec.web.sendJsonResponse(outList)
            </script>
        </actions>
        <default-response type="none"/>
    </transition>

    <actions>
        <set field="workEffortId" from="rootWorkEffortId"/>
        <entity-find entity-name="mantle.work.effort.WorkEffortAndPartyDetail" list="wepapList">
            <search-form-inputs/>
            <econdition field-name="workEffortId" from="rootWorkEffortId"/>
        </entity-find>
    </actions>
    <widgets>
        <container-dialog id="AddUserAssignDialog" button-text="Add User Assignment">
            <form-single name="AddUserAssignForm" transition="addUserAssign">
                <field name="rootWorkEffortId"><default-field><hidden/></default-field></field>
                <field name="workEffortId"><default-field><hidden/></default-field></field>

                <field name="partyId"><default-field title="Person">
                    <text-line ac-transition="getPersonList" ac-min-length="2" size="15"/>
                </default-field></field>
                <field name="roleTypeId"><default-field title="Role">
                    <drop-down no-current-selected-key="Assignee">
                        <entity-options key="${roleTypeId}" text="${description}">
                            <entity-find entity-name="mantle.party.RoleGroupMemberAndType" cache="true">
                                <econdition field-name="roleGroupEnumId" value="RgpProject"/>
                                <order-by field-name="description"/></entity-find></entity-options>
                    </drop-down>
                </default-field></field>
                <field name="roleNote"><default-field title="">
                    <display also-hidden="false" text="Must be in Assignee or Team roles to assign to a task. Parties may be assigned in multiple roles."/>
                </default-field></field>

                <field name="fromDate" from="ec.user.nowTimestamp"><default-field><date-time/></default-field></field>
                <field name="thruDate"><default-field><date-time/></default-field></field>

                <field name="expectationEnumId"><default-field title="Expectation">
                    <drop-down allow-empty="true"><entity-options key="${enumId}" text="${description}">
                        <entity-find entity-name="Enumeration">
                            <econdition field-name="enumTypeId" value="WorkEffortPartyExpectation"/>
                            <order-by field-name="description"/>
                        </entity-find>
                    </entity-options></drop-down>
                </default-field></field>
                <field name="emplPositionClassId"><default-field title="Position Class">
                    <drop-down allow-empty="true"><entity-options key="${emplPositionClassId}" text="${title}">
                        <entity-find entity-name="EmplPositionClass"/></entity-options></drop-down>
                </default-field></field>
                <field name="statusId"><default-field title="Status">
                    <widget-template-include location="component://webroot/template/screen/BasicWidgetTemplates.xml#statusDropDown">
                        <set field="statusTypeId" value="WorkEffortParty"/></widget-template-include>
                </default-field></field>
                <field name="submitButton"><default-field title="Add Assignment"><submit/></default-field></field>
            </form-single>
        </container-dialog>

        <form-list name="UpdateUserAssignForm" list="wepapList" transition="updateUserAssign">
            <row-actions>
                <entity-find-one entity-name="moqui.basic.StatusItem" value-field="currentStatus"/>
            </row-actions>
            <field name="rootWorkEffortId"><default-field><hidden/></default-field></field>
            <field name="workEffortId"><default-field><hidden/></default-field></field>
            <field name="partyId"><default-field><hidden/></default-field></field>
            <field name="username"><header-field show-order-by="case-insensitive"/>
                <default-field><link url="editUser" text="${username}" link-type="anchor" condition="username"/></default-field>
            </field>
            <field name="firstName"><header-field title="First##Name" show-order-by="case-insensitive"/><default-field>
                <display also-hidden="false"/></default-field></field>
            <field name="lastName"><header-field title="Last##Name" show-order-by="case-insensitive"/><default-field>
                <display also-hidden="false"/></default-field></field>
            <field name="organizationName"><header-field title="Org" show-order-by="case-insensitive"/><default-field>
                <display also-hidden="false"/></default-field></field>

            <field name="roleTypeId"><header-field title="Role" show-order-by="true"/>
                <default-field><display-entity entity-name="RoleType" text="${description}"/></default-field>
            </field>
            <field name="fromDate"><header-field show-order-by="true"/><default-field><display/></default-field></field>
            <field name="thruDate"><header-field show-order-by="true"/><default-field><date-time/></default-field></field>
            <field name="expectationEnumId"><header-field title="Expectation" show-order-by="true"/><default-field>
                <widget-template-include location="component://webroot/template/screen/BasicWidgetTemplates.xml#enumDropDown">
                    <set field="enumTypeId" value="WorkEffortPartyExpectation"/><set field="allowEmpty" value="true"/></widget-template-include>
            </default-field></field>
            <field name="emplPositionClassId"><header-field title="Position Class" show-order-by="true"/>
                <default-field><drop-down allow-empty="true"><entity-options key="${emplPositionClassId}" text="${title}">
                    <entity-find entity-name="EmplPositionClass"/></entity-options></drop-down></default-field>
            </field>
            <field name="statusId"><header-field title="Status" show-order-by="true"/><default-field>
                <widget-template-include location="component://webroot/template/screen/BasicWidgetTemplates.xml#statusTransitionDropDown">
                    <set field="currentDescription" from="currentStatus?.description"/></widget-template-include>
            </default-field></field>
            <field name="submitButton"><default-field title="Update"><submit/></default-field></field>

            <form-list-column><field-ref name="username"/><field-ref name="roleTypeId"/></form-list-column>
            <form-list-column><field-ref name="firstName"/><field-ref name="lastName"/><field-ref name="organizationName"/></form-list-column>
            <form-list-column><field-ref name="fromDate"/><field-ref name="thruDate"/></form-list-column>
            <form-list-column><field-ref name="expectationEnumId"/><field-ref name="emplPositionClassId"/></form-list-column>
            <form-list-column><field-ref name="statusId"/><field-ref name="submitButton"/></form-list-column>
        </form-list>
    </widgets>
</screen>
