<?xml version="1.0" encoding="UTF-8"?>
<!--
This software is in the public domain under CC0 1.0 Universal plus a 
Grant of Patent License.

To the extent possible under law, the author(s) have dedicated all
copyright and related and neighboring rights to this software to the
public domain worldwide. This software is distributed without any
warranty.

You should have received a copy of the CC0 Public Domain Dedication
along with this software (see the LICENSE.md file). If not, see
<http://creativecommons.org/publicdomain/zero/1.0/>.
-->
<screen xmlns:xsi="http://www.w3.org/2001/XMLSchema-instance" xsi:noNamespaceSchemaLocation="http://moqui.org/xsd/xml-screen-2.1.xsd"
        default-menu-title="Project" default-menu-index="1">

    <parameter name="workEffortId"/>
    <parameter name="rootWorkEffortId" required="true" from="rootWorkEffortId ?: workEffortId"/>

    <transition name="updateProject"><service-call name="mantle.work.ProjectServices.update#Project" in-map="context"/>
        <default-response url="."/></transition>
    <transition name="cloneProject"><service-call name="mantle.work.ProjectServices.clone#Project" in-map="context"/>
        <default-response url="."/></transition>

    <transition name="editClient"><default-response url="../../Client/EditClient"/></transition>
    <transition name="editVendor"><default-response url="../../Vendor/EditVendor"/></transition>

    <transition name="editProject"><default-response url="."/></transition>
    <transition name="findTask"><default-response url="//hm/Task/FindTask"/></transition>
    <transition-include name="searchPartyList" location="component://SimpleScreens/template/party/PartyForms.xml"/>

    <pre-actions>
        <if condition="rootWorkEffortId"><set field="workEffortId" from="rootWorkEffortId"/></if>
        <set field="rootWorkEffortId" from="workEffortId"/>
    </pre-actions>
    <actions>
        <entity-find-one entity-name="mantle.work.effort.WorkEffort" value-field="workEffort"/>
        <service-call name="mantle.work.ProjectServices.get#ProjectStats" in-map="[workEffort:workEffort]" out-map="context"/>
        <set field="projectList" from="[workEffort]"/>

        <entity-find entity-name="mantle.work.effort.WorkEffortParty" list="clientWepList">
            <date-filter/><econdition field-name="workEffortId"/>
            <econdition field-name="roleTypeId" operator="in" value="Customer,CustomerBillTo"/>
        </entity-find>
        <set field="clientWep" from="clientWepList?.getAt(0)"/>
        <entity-find entity-name="mantle.work.effort.WorkEffortParty" list="vendorWepList">
            <date-filter/><econdition field-name="workEffortId"/>
            <econdition field-name="roleTypeId" operator="in" value="Vendor,VendorBillFrom"/>
        </entity-find>
        <set field="vendorWep" from="vendorWepList?.getAt(0)"/>
    </actions>
    <widgets>
        <section-include name="ActiveProjectSection" location="component://HiveMind/screen/HiveMindAdmin/dashboard.xml"/>

        <container-dialog id="CloneProjectDialog" button-text="Clone Project">
            <form-single name="CloneProject" transition="cloneProject">
                <field name="baseWorkEffortId" from="rootWorkEffortId"><default-field><hidden/></default-field></field>
                <field name="workEffortId" from="null"><default-field title="New ID"><text-line size="8"/></default-field></field>
                <field name="workEffortName"><default-field title="New Name"><text-line size="40"/></default-field></field>
                <field name="priority"><default-field>
                    <widget-template-include location="component://HiveMind/template/screen/ProjectWidgetTemplates.xml#priority"/>
                </default-field></field>
                <field name="estimatedStartDate"><default-field title="Start Date">
                    <date-time type="date" format="yyyy-MM-dd"/></default-field></field>
                <field name="estimatedCompletionDate"><default-field title="Due Date">
                    <date-time type="date" format="yyyy-MM-dd"/></default-field></field>
                <field name="submitButton"><default-field title="Deep Clone Project">
                    <submit confirmation="Really clone the project?"/></default-field></field>
            </form-single>
        </container-dialog>

        <form-single name="EditProject" transition="updateProject" map="workEffort">
            <field name="workEffortId"><default-field title="Project ID"><hidden/></default-field></field>
            <field name="workEffortName"><default-field title="Project Name"><text-line/></default-field></field>
            <field name="clientPartyId" from="clientWep?.partyId"><default-field title="Client">
                <drop-down allow-empty="true"><dynamic-options transition="searchPartyList" server-search="true" min-length="0"
                        parameter-map="[roleTypeId:'Customer,CustomerBillTo,OrgInternal']"/></drop-down>
                <link url="editClient" text="Edit Client" link-type="anchor" condition="clientWep">
                    <parameter name="partyId" from="clientWep?.partyId"/></link>
            </default-field></field>
            <field name="vendorPartyId" from="vendorWep?.partyId"><default-field title="Vendor">
                <drop-down allow-empty="true"><dynamic-options transition="searchPartyList" server-search="true" min-length="0"
                        parameter-map="[roleTypeId:'Vendor,VendorBillFrom,OrgInternal']"/></drop-down>
                <link url="editVendor" text="Edit Vendor" link-type="anchor" condition="vendorWep">
                    <parameter name="partyId" from="vendorWep?.partyId"/></link>
            </default-field></field>
            <field name="priority"><default-field>
                <widget-template-include location="component://HiveMind/template/screen/ProjectWidgetTemplates.xml#priority"/>
            </default-field></field>
            <field name="visibilityEnumId"><default-field title="Visibility">
                <widget-template-include location="component://webroot/template/screen/BasicWidgetTemplates.xml#enumDropDown">
                    <set field="enumTypeId" value="WorkEffortVisibility"/><set field="allowEmpty" value="true"/></widget-template-include>
            </default-field></field>
            <field name="statusId"><default-field title="Status">
                <widget-template-include location="component://webroot/template/screen/BasicWidgetTemplates.xml#statusTransitionWithFlowDropDown">
                    <set field="currentDescription" from="workEffort?.'WorkEffort#moqui.basic.StatusItem'?.description"/>
                    <set field="statusId" from="workEffort.statusId"/><set field="statusFlowId" from="workEffort.statusFlowId ?: 'Default'"/>
                </widget-template-include>
            </default-field></field>
            <field name="statusFlowId"><default-field title="Status Flow">
                <drop-down allow-empty="true"><entity-options key="${statusFlowId}" text="${description} [${statusFlowId}]">
                    <entity-find entity-name="moqui.basic.StatusFlow">
                        <econdition field-name="statusTypeId" value="WorkEffort" or-null="true"/></entity-find>
                </entity-options></drop-down>
            </default-field></field>
            <field name="estimatedStartDate"><default-field title="Start Date">
                <date-time type="date" format="yyyy-MM-dd"/></default-field></field>
            <field name="estimatedCompletionDate"><default-field title="Due Date">
                <date-time type="date" format="yyyy-MM-dd"/></default-field></field>

            <field name="totalClientCostAllowed"><default-field title="Cost Budget">
                <text-line size="15"/></default-field></field>
            <field name="totalTimeAllowed"><default-field title="Hours Budget">
                <text-line size="10"/></default-field></field>
            <!--
            <field name="clientAverageHourCost"><default-field title="Client Average Hourly">
                <display format="0.00"/></default-field></field>

            <field name="estimatedWorkTime"><default-field title="Estimated Hours">
                <display format="0.00"/></default-field></field>
            <field name="actualWorkTime"><default-field title="Actual Hours">
                <display format="0.00"/></default-field></field>
            <field name="actualClientCost"><default-field title="Actual Client Cost">
                <display currency-unit-field="costUomId"/></default-field></field>

            <field name="actualCost"><default-field title="Actual Vendor Cost">
                <display currency-unit-field="costUomId"/></default-field></field>
            <field name="actualProfit"><default-field title="Actual Profit">
                <display currency-unit-field="costUomId"/></default-field></field>

            <field name="clientEstimatedCost"><default-field title="Client Total Estimate">
                <display currency-unit-field="costUomId"/></default-field></field>
            <field name="clientBudgetRemaining"><default-field title="Client Budget Remaining">
                <display currency-unit-field="costUomId"/></default-field></field>
            <field name="clientBudgetUsedPercent"><default-field title="Client Budget Used Percent">
                <display format="0.00"/></default-field></field>
            <field name="estimatedCompletePercent"><default-field title="Estimated Complete Percent">
                <display format="0.00"/></default-field></field>
            -->

            <field name="description"><default-field title="Description"><text-area rows="12" cols="100"/></default-field></field>
            <field name="submitButton"><default-field title="Update"><submit/></default-field></field>
            
            <field-layout>
                <fields-not-referenced/>
                <field-row><field-ref name="priority"/><field-ref name="visibilityEnumId"/></field-row>
                <field-row><field-ref name="statusId"/><field-ref name="statusFlowId"/></field-row>
                <field-row><field-ref name="estimatedStartDate"/><field-ref name="estimatedCompletionDate"/></field-row>

                <field-row><field-ref name="totalClientCostAllowed"/><field-ref name="totalTimeAllowed"/></field-row>
                <!--
                <field-ref name="clientAverageHourCost"/>
                <field-row><field-ref name="estimatedWorkTime"/><field-ref name="clientEstimatedCost"/></field-row>
                <field-row><field-ref name="actualWorkTime"/><field-ref name="actualClientCost"/></field-row>
                <field-row><field-ref name="clientBudgetRemaining"/></field-row>
                <field-row><field-ref name="clientBudgetUsedPercent"/><field-ref name="estimatedCompletePercent"/></field-row>
                <field-row><field-ref name="actualCost"/><field-ref name="actualProfit"/></field-row>
                -->
                <field-ref name="description"/>
                <field-ref name="submitButton"/>
            </field-layout>
        </form-single>
    </widgets>
</screen>
