<?xml version="1.0" encoding="UTF-8"?>
<!--
This software is in the public domain under CC0 1.0 Universal plus a 
Grant of Patent License.

To the extent possible under law, the author(s) have dedicated all
copyright and related and neighboring rights to this software to the
public domain worldwide. This software is distributed without any
warranty.

You should have received a copy of the CC0 Public Domain Dedication
along with this software (see the LICENSE.md file). If not, see
<http://creativecommons.org/publicdomain/zero/1.0/>.
-->
<screen xmlns:xsi="http://www.w3.org/2001/XMLSchema-instance"
        xsi:noNamespaceSchemaLocation="http://moqui.org/xsd/xml-screen-2.1.xsd"
        default-menu-title="Milestones" default-menu-index="2">

    <parameter name="rootWorkEffortId" required="true"/>

    <transition name="createMilestone">
        <service-call name="mantle.work.ProjectServices.create#Milestone" in-map="context" out-map="bogus"/>
        <default-response url="."/>
    </transition>
    <transition name="updateMilestone">
        <service-call name="mantle.work.ProjectServices.update#Milestone" in-map="context" out-map="bogus"/>
        <default-response url="."/>
    </transition>
    <transition name="milestoneSummary"><default-response url="../MilestoneSummary"/></transition>

    <actions>
        <entity-find entity-name="WorkEffort" list="milestoneList">
            <econdition field-name="rootWorkEffortId"/>
            <econdition field-name="workEffortTypeEnumId" value="WetMilestone"/>
            <order-by field-name="estimatedStartDate"/>
        </entity-find>
    </actions>
    <widgets>
        <container-dialog id="CreateMilestoneDialog" button-text="Create Milestone">
            <form-single name="CreateMilestoneForm" transition="createMilestone">
                <field name="rootWorkEffortId"><default-field><hidden/></default-field></field>
                <field name="workEffortId"><default-field title="Milestone ID"><text-line size="10" default-value="${rootWorkEffortId}-"/></default-field></field>
                <field name="workEffortName"><default-field title="Milestone Name"><text-line size="25"/></default-field></field>
                <field name="estimatedStartDate">
                    <default-field title="Start Date"><date-time type="date" format="yyyy-MM-dd"/></default-field>
                </field>
                <field name="estimatedCompletionDate">
                    <default-field title="End Date"><date-time type="date" format="yyyy-MM-dd"/></default-field>
                </field>
                <field name="statusId"><default-field title="Status">
                    <widget-template-include location="component://webroot/template/screen/BasicWidgetTemplates.xml#statusDropDown">
                        <set field="statusTypeId" value="WorkEffort"/></widget-template-include>
                </default-field></field>
                <field name="submitButton"><default-field title="Create Milestone"><submit/></default-field></field>
            </form-single>
        </container-dialog>

        <form-list name="MilestoneList" list="milestoneList" transition="updateMilestone">
            <row-actions>
                <entity-find-one entity-name="moqui.basic.StatusItem" value-field="currentStatus"/>
            </row-actions>
            <field name="rootWorkEffortId"><default-field><hidden/></default-field></field>
            <field name="workEffortId"><default-field title="Milestone">
                <display/>
                <link url="milestoneSummary" text="Summary">
                    <parameter name="milestoneWorkEffortId" from="workEffortId"/></link>
            </default-field></field>
            <field name="workEffortName"><default-field title="Name"><text-line size="25"/></default-field></field>
            <field name="estimatedStartDate">
                <default-field title="Start Date"><date-time type="date" format="yyyy-MM-dd"/></default-field>
            </field>
            <field name="estimatedCompletionDate">
                <default-field title="End Date"><date-time type="date" format="yyyy-MM-dd"/></default-field>
            </field>
            <field name="statusId"><default-field title="Status">
                <widget-template-include location="component://webroot/template/screen/BasicWidgetTemplates.xml#statusTransitionDropDown">
                    <set field="currentDescription" from="currentStatus?.description"/></widget-template-include>
            </default-field></field>
            <field name="submitButton"><default-field title="Update"><submit/></default-field></field>
        </form-list>
    </widgets>
</screen>
