<?xml version="1.0" encoding="UTF-8"?>
<!--
This software is in the public domain under CC0 1.0 Universal plus a 
Grant of Patent License.

To the extent possible under law, the author(s) have dedicated all
copyright and related and neighboring rights to this software to the
public domain worldwide. This software is distributed without any
warranty.

You should have received a copy of the CC0 Public Domain Dedication
along with this software (see the LICENSE.md file). If not, see
<http://creativecommons.org/publicdomain/zero/1.0/>.
-->
<screen xmlns:xsi="http://www.w3.org/2001/XMLSchema-instance"
        xsi:noNamespaceSchemaLocation="http://moqui.org/xsd/xml-screen-2.1.xsd"
        default-menu-title="Wiki Pages" default-menu-index="5">

    <parameter name="rootWorkEffortId" required="true"/>

    <transition name="addWpwe"><service-call name="create#mantle.work.effort.WikiPageWorkEffort" in-map="context"/>
        <default-response url="."/></transition>
    <transition name="deleteWpwe"><service-call name="delete#mantle.work.effort.WikiPageWorkEffort" in-map="context"/>
        <default-response url="."/></transition>

    <transition name="getSpacePages">
        <actions>
            <service-call name="org.moqui.impl.WikiServices.get#UserSpaceWikiPageSimpleList" in-map="context" out-map="context"/>
            <script>ec.web.sendJsonResponse(resultList)</script>
        </actions>
        <default-response type="none"/>
    </transition>

    <actions>
        <set field="workEffortId" from="rootWorkEffortId"/>
        <set field="projectWorkEffortId" from="rootWorkEffortId"/>

        <entity-find entity-name="mantle.work.effort.WikiPageAndWorkEffort" list="wpaweList">
            <econdition field-name="workEffortId"/></entity-find>

        <service-call name="org.moqui.impl.WikiServices.get#UserWikiSpaces" in-map="[userId:ec.user.userId]" out-map="context"/>
    </actions>
    <widgets>
        <container-dialog id="AddWpweDialog" button-text="Add Wiki Page">
            <form-single name="AddWpweForm" transition="addWpwe">
                <field name="userId" from="ec.user.userId"><default-field><hidden/></default-field></field>
                <field name="workEffortId"><default-field><hidden/></default-field></field>
                <field name="rootWorkEffortId"><default-field><hidden/></default-field></field>

                <field name="wikiSpaceId"><default-field title="Space"><drop-down>
                    <list-options list="wikiSpaceAndUserList" key="${wikiSpaceId}" text="${wikiSpaceId}: ${description}"/>
                </drop-down></default-field></field>
                <field name="wikiPageId"><default-field title="Page">
                    <drop-down combo-box="true">
                        <dynamic-options transition="getSpacePages" value-field="wikiPageId" label-field="pageLabel">
                            <depends-on field="userId"/>
                            <depends-on field="wikiSpaceId"/>
                        </dynamic-options>
                    </drop-down>
                </default-field></field>

                <field name="submitButton"><default-field title="Add Page"><submit/></default-field></field>
            </form-single>
        </container-dialog>

        <form-list name="DeleteWpweForm" list="wpaweList" transition="deleteWpwe">
            <field name="workEffortId"><default-field><hidden/></default-field></field>
            <field name="rootWorkEffortId" from="projectWorkEffortId"><default-field><hidden/></default-field></field>
            <field name="wikiPageId"><default-field><hidden/></default-field></field>

            <field name="wikiSpaceId"><default-field title="Space"><display text=""/>
                <link text="${wikiSpaceId}" url="/apps/hm/wiki/${wikiSpaceId}"/>
            </default-field></field>
            <field name="pagePath"><default-field title="Page"><display text=""/>
                <link text="${pagePath}" url="/apps/hm/wiki/${wikiSpaceId}/${pagePath?:''}"/>
            </default-field></field>

            <field name="submitButton"><default-field title="Delete"><submit/></default-field></field>
        </form-list>
    </widgets>
</screen>
