<?xml version="1.0" encoding="UTF-8"?>
<!--
This software is in the public domain under CC0 1.0 Universal plus a
Grant of Patent License.

To the extent possible under law, the author(s) have dedicated all
copyright and related and neighboring rights to this software to the
public domain worldwide. This software is distributed without any
warranty.

You should have received a copy of the CC0 Public Domain Dedication
along with this software (see the LICENSE.md file). If not, see
<http://creativecommons.org/publicdomain/zero/1.0/>.
-->
<screen xmlns:xsi="http://www.w3.org/2001/XMLSchema-instance"
        xsi:noNamespaceSchemaLocation="http://moqui.org/xsd/xml-screen-2.1.xsd"
        default-menu-title="Find" default-menu-index="2">

    <parameter name="aen" required="true"/>

    <transition name="list"><default-response url="../MainEntityList"/></transition>
    <transition name="find"><default-response url="."/></transition>
    <transition name="create"><actions><service-call name="create#${aen}" in-map="true"/></actions>
        <default-response url="."/></transition>
    <transition name="deleteRecord"><actions><service-call name="delete#${aen}" in-map="context"/></actions>
        <default-response url="."/></transition>
    <transition name="getFormXml" read-only="true">
        <actions><script><![CDATA[
            import org.moqui.util.MNode

            StringBuilder xmlBuilder = new StringBuilder()
            xmlBuilder.append('<?xml version="1.0" encoding="UTF-8"?>\n')
            MNode screenNode = new MNode("screen", ["xmlns:xsi": "http://www.w3.org/2001/XMLSchema-instance", "xsi:noNamespaceSchemaLocation": "http://moqui.org/xsd/xml-screen-2.1.xsd"])
            MNode actionsNode = screenNode.append("actions", null)
            actionsNode.append("entity-find", ["entity-name":aen, list:"entityValueList"]).append("search-form-inputs", null)
            MNode widgetsNode = screenNode.append("widgets", null)
            widgetsNode.append(sri.getActiveScreenDef().getForm("FindEntityValue").getAutoCleanedNode())
            widgetsNode.append(sri.getActiveScreenDef().getForm("CreateEntityValue").getAutoCleanedNode())
            widgetsNode.append(sri.getActiveScreenDef().getForm("ListEntityValue").getAutoCleanedNode())
            screenNode.addToSb(xmlBuilder, 0)
            ec.web.sendTextResponse(xmlBuilder.toString(), "text/xml", "Find${ec.entity.getEntityDefinition(aen).entityName}.xml")
            ]]></script></actions>
        <default-response type="none"/>
    </transition>

    <actions>
        <set field="aenDef" from="ec.entity.getEntityDefinition(aen)"/>
        <if condition="aenDef == null"><message error="true">Could not find entity with name: ${aen}</message><return/></if>
    </actions>
    <widgets>
        <container>
            <link url="list" text="Entity List" link-type="hidden-form"/>
            <container-dialog id="FindValueDialog" button-text="Find ${ec.entity.getEntityDefinition(aen).getPrettyName(null, null)}" width="800">
                <form-single name="FindEntityValue" transition="find" dynamic="true">
                    <auto-fields-entity entity-name="${aen}" field-type="find"/>
                    <field name="aen"><default-field><hidden/></default-field></field>
                    <field name="submitButton"><default-field title="Find"><submit/></default-field></field>
                </form-single>
            </container-dialog>
            <container-dialog id="CreateValueDialog" button-text="New Value">
                <form-single name="CreateEntityValue" transition="create" dynamic="true">
                    <auto-fields-entity entity-name="${aen}" field-type="edit"/>
                    <field name="aen"><default-field><hidden/></default-field></field>
                    <field name="submitButton"><default-field title="Create"><submit/></default-field></field>
                </form-single>
            </container-dialog>
        </container>
        <form-list name="ListEntityValue" list="entityValueList" list-entry="entityValue" header-dialog="true" skip-form="true" dynamic="true">
            <entity-find entity-name="${aen}" list="entityValueList" offset="0" limit="50" cache="false">
                <search-form-inputs require-parameters="true"/></entity-find>

            <field name="aen"><header-field><hidden/></header-field><default-field><hidden/></default-field></field>
            <field name="edit">
                <header-field title="Find"><submit/></header-field>
                <conditional-field title="" condition="entityValue != null">
                    <link url="../AutoEdit/AutoEditMaster" text="" icon="glyphicon glyphicon-pencil" parameter-map="entityValue.getPrimaryKeys()"/></conditional-field>
                <default-field><display text=" "/></default-field>
            </field>
            <field name="delete">
                <conditional-field title="" condition="entityValue != null"><link url="deleteRecord" text="" icon="glyphicon glyphicon-trash"
                    confirmation="Are you sure?" parameter-map="entityValue.getPrimaryKeys()"/></conditional-field>
                <default-field><display text=" "/></default-field>
            </field>
            <auto-fields-entity entity-name="${aen}" field-type="find-display"/>
        </form-list>
        <link url="getFormXml" text="Get Forms XML" link-type="anchor"/>
    </widgets>
</screen>
