<?xml version="1.0" encoding="UTF-8"?>
<!--
This software is in the public domain under CC0 1.0 Universal plus a 
Grant of Patent License.

To the extent possible under law, the author(s) have dedicated all
copyright and related and neighboring rights to this software to the
public domain worldwide. This software is distributed without any
warranty.

You should have received a copy of the CC0 Public Domain Dedication
along with this software (see the LICENSE.md file). If not, see
<http://creativecommons.org/publicdomain/zero/1.0/>.
-->
<screen xmlns:xsi="http://www.w3.org/2001/XMLSchema-instance"
        xsi:noNamespaceSchemaLocation="http://moqui.org/xsd/xml-screen-2.1.xsd"
        default-menu-title="Requests" default-menu-index="14">

    <parameter name="partyId" required="true"/>

    <transition name="addUser"><service-call name="create#mantle.request.RequestParty" in-map="context"/>
        <default-response url="."/></transition>
    <transition name="updateUser"><service-call name="update#mantle.request.RequestParty" in-map="context"/>
        <default-response url="."/></transition>
    <transition name="editRequest"><default-response url="//hm/Request/EditRequest"/></transition>

    <actions>
        <entity-find entity-name="mantle.request.RequestAndParty" list="rapList">
            <econdition field-name="partyId"/></entity-find>
    </actions>
    <widgets>
        <container-dialog id="AddUserDialog" button-text="Add to Request">
            <form-single name="AddUserForm" transition="addUser">
                <field name="partyId"><default-field><hidden/></default-field></field>

                <field name="requestId"><default-field title="Request"><drop-down combo-box="true">
                    <entity-options key="${requestId}" text="${requestId} - ${requestName}">
                        <entity-find entity-name="Request">
                            <econdition field-name="statusId" operator="not-in"
                                    value="REQUEST_COMPLETED,REQUEST_REJECTED,REQUEST_CANCELLED"/>
                        </entity-find>
                    </entity-options>
                </drop-down></default-field></field>

                <field name="roleTypeId"><default-field title="Role">
                    <drop-down>
                        <entity-options key="${roleTypeId}" text="${description}">
                            <entity-find entity-name="mantle.party.RoleGroupMemberAndType" cache="true">
                                <econdition field-name="roleGroupEnumId" value="RgpRequest"/>
                                <order-by field-name="description"/></entity-find></entity-options>
                    </drop-down>
                </default-field></field>

                <field name="fromDate" from="ec.user.nowTimestamp"><header-field show-order-by="true"/><default-field><date-time/></default-field></field>
                <field name="thruDate"><header-field show-order-by="true"/><default-field><date-time/></default-field></field>

                <field name="receiveNotifications"><default-field>
                    <drop-down no-current-selected-key="N"><option key="Y"/><option key="N"/></drop-down>
                </default-field></field>

                <field name="submitButton"><default-field title="Add Request"><submit/></default-field></field>
            </form-single>
        </container-dialog>

        <form-list name="UpdateUserForm" list="rapList" transition="updateUser">
            <field name="partyId"><default-field><hidden/></default-field></field>

            <field name="requestId"><default-field title="ID">
                <link text="${requestId}" url="editRequest" link-type="anchor"/></default-field></field>
            <field name="requestName"><default-field title="Name"><display/></default-field></field>
            <field name="roleTypeId"><header-field title="Role" show-order-by="true"/>
                <default-field><display-entity entity-name="RoleType" text="${description}"/></default-field></field>

            <field name="fromDate"><header-field show-order-by="true"/><default-field><display/></default-field></field>
            <field name="thruDate"><header-field show-order-by="true"/><default-field><date-time/></default-field></field>

            <field name="receiveNotifications"><default-field title="Notifs?">
                <drop-down no-current-selected-key="N"><option key="Y"/><option key="N"/></drop-down>
            </default-field></field>

            <field name="submitButton"><default-field title="Update"><submit/></default-field></field>
        </form-list>
    </widgets>
</screen>
