<?xml version="1.0" encoding="UTF-8"?>
<!--
This software is in the public domain under CC0 1.0 Universal plus a 
Grant of Patent License.

To the extent possible under law, the author(s) have dedicated all
copyright and related and neighboring rights to this software to the
public domain worldwide. This software is distributed without any
warranty.

You should have received a copy of the CC0 Public Domain Dedication
along with this software (see the LICENSE.md file). If not, see
<http://creativecommons.org/publicdomain/zero/1.0/>.
-->
<screen xmlns:xsi="http://www.w3.org/2001/XMLSchema-instance"
        xsi:noNamespaceSchemaLocation="http://moqui.org/xsd/xml-screen-2.1.xsd"
        default-menu-title="Tasks" default-menu-index="13">

    <parameter name="partyId" required="true"/>

    <transition name="addUserAssign"><service-call name="create#WorkEffortParty" in-map="context"/>
        <default-response url="."/></transition>
    <transition name="updateUserAssign"><service-call name="update#WorkEffortParty" in-map="context"/>
        <default-response url="."/></transition>

    <transition name="editTask"><default-response url="//hm/Task/TaskSummary"/></transition>

    <transition name="getProjectTasks">
        <actions>
            <service-call name="mantle.work.ProjectServices.get#ProjectTasks" in-map="context" out-map="context"/>
            <script>ec.web.sendJsonResponse(resultList)</script>
        </actions>
        <default-response type="none"/>
    </transition>

    <actions>
        <entity-find entity-name="mantle.work.effort.WorkEffortAndParty" list="weapList">
            <econdition field-name="partyId"/>
            <econdition field-name="workEffortTypeEnumId" value="WetTask"/>
        </entity-find>
        <entity-find entity-name="mantle.work.effort.WorkEffortAndParty" list="myProjectList">
            <date-filter/>
            <econdition field-name="partyId"/>
            <econdition field-name="workEffortTypeEnumId" value="WetProject"/>
        </entity-find>
    </actions>
    <widgets>
        <container-dialog id="AddUserAssignDialog" button-text="Add Task Assignment">
            <form-single name="AddUserAssignForm" transition="addUserAssign">
                <field name="partyId"><default-field><hidden/></default-field></field>

                <field name="rootWorkEffortId"><default-field title="Project">
                    <drop-down><list-options list="myProjectList" key="${workEffortId}" text="${workEffortId}: ${workEffortName}"/></drop-down>
                </default-field></field>
                <field name="workEffortId"><default-field title="Task">
                    <drop-down combo-box="true">
                        <dynamic-options transition="getProjectTasks" value-field="workEffortId" label-field="taskLabel">
                            <depends-on field="rootWorkEffortId"/></dynamic-options></drop-down>
                </default-field></field>

                <field name="roleTypeId"><default-field title="Role">
                    <drop-down>
                        <entity-options key="${roleTypeId}" text="${description}">
                            <entity-find entity-name="mantle.party.RoleGroupMemberAndType" cache="true">
                                <econdition field-name="roleGroupEnumId" value="RgpTask"/>
                                <order-by field-name="description"/></entity-find></entity-options>
                    </drop-down>
                </default-field></field>

                <field name="fromDate" from="ec.user.nowTimestamp"><header-field show-order-by="true"/><default-field><date-time/></default-field></field>
                <field name="thruDate"><header-field show-order-by="true"/><default-field><date-time/></default-field></field>

                <field name="expectationEnumId"><default-field title="Expectation">
                    <widget-template-include location="component://webroot/template/screen/BasicWidgetTemplates.xml#enumDropDown">
                        <set field="enumTypeId" value="WorkEffortPartyExpectation"/><set field="allowEmpty" value="true"/></widget-template-include>
                </default-field></field>
                <field name="emplPositionClassId"><default-field title="Position Class">
                    <drop-down allow-empty="true"><entity-options key="${emplPositionClassId}" text="${title}">
                        <entity-find entity-name="EmplPositionClass"/></entity-options></drop-down>
                </default-field></field>
                <field name="statusId"><default-field title="Status">
                    <widget-template-include location="component://webroot/template/screen/BasicWidgetTemplates.xml#statusDropDown">
                        <set field="statusTypeId" value="WorkEffortParty"/><set field="allowEmpty" value="true"/></widget-template-include>
                </default-field></field>

                <field name="receiveNotifications"><default-field>
                    <drop-down no-current-selected-key="N"><option key="Y"/><option key="N"/></drop-down>
                </default-field></field>
                <field name="submitButton"><default-field title="Add Assignment"><submit/></default-field></field>
            </form-single>
        </container-dialog>

        <form-list name="UpdateUserAssignForm" list="weapList" transition="updateUserAssign">
            <row-actions>
                <entity-find-one entity-name="moqui.basic.StatusItem" value-field="currentStatus">
                    <field-map field-name="statusId" from="partyStatusId"/></entity-find-one>
            </row-actions>
            <field name="partyId"><default-field><hidden/></default-field></field>

            <field name="workEffortId"><default-field title="Task"><display text=" "/>
                <link text="${workEffortId} - ${workEffortName}" url="editTask" link-type="anchor"/></default-field></field>
            <field name="roleTypeId"><header-field title="Role" show-order-by="true"/>
                <default-field><display-entity entity-name="RoleType" text="${description}"/></default-field></field>

            <field name="fromDate"><header-field show-order-by="true"/><default-field><display/></default-field></field>
            <field name="thruDate"><header-field show-order-by="true"/><default-field><date-time/></default-field></field>

            <field name="expectationEnumId"><header-field title="Expectation" show-order-by="true"/><default-field>
                <widget-template-include location="component://webroot/template/screen/BasicWidgetTemplates.xml#enumDropDown">
                    <set field="enumTypeId" value="WorkEffortPartyExpectation"/><set field="allowEmpty" value="true"/></widget-template-include>
            </default-field></field>
            <field name="emplPositionClassId"><header-field title="Position Class" show-order-by="true"/>
                <default-field><drop-down allow-empty="true"><entity-options key="${emplPositionClassId}" text="${title}">
                    <entity-find entity-name="EmplPositionClass"/></entity-options></drop-down></default-field>
            </field>

            <field name="statusId" from="partyStatusId"><header-field title="Status" show-order-by="true"/><default-field>
                <widget-template-include location="component://webroot/template/screen/BasicWidgetTemplates.xml#statusTransitionDropDown">
                    <set field="currentDescription" from="currentStatus?.description"/>
                    <set field="statusId" from="partyStatusId"/></widget-template-include>
            </default-field></field>

            <field name="receiveNotifications"><default-field title="Notifs?">
                <drop-down no-current-selected-key="N"><option key="Y"/><option key="N"/></drop-down></default-field></field>
            <field name="submitButton"><default-field title="Update"><submit/></default-field></field>

            <form-list-column><field-ref name="workEffortId"/><field-ref name="roleTypeId"/></form-list-column>
            <form-list-column><field-ref name="fromDate"/><field-ref name="thruDate"/></form-list-column>
            <form-list-column><field-ref name="expectationEnumId"/><field-ref name="emplPositionClassId"/></form-list-column>
            <form-list-column><field-ref name="statusId"/><field-ref name="receiveNotifications"/></form-list-column>
            <form-list-column><field-ref name="submitButton"/></form-list-column>
        </form-list>
    </widgets>
</screen>
