<?xml version="1.0" encoding="UTF-8"?>
<!--
This software is in the public domain under CC0 1.0 Universal plus a 
Grant of Patent License.

To the extent possible under law, the author(s) have dedicated all
copyright and related and neighboring rights to this software to the
public domain worldwide. This software is distributed without any
warranty.

You should have received a copy of the CC0 Public Domain Dedication
along with this software (see the LICENSE.md file). If not, see
<http://creativecommons.org/publicdomain/zero/1.0/>.
-->
<screen xmlns:xsi="http://www.w3.org/2001/XMLSchema-instance"
        xsi:noNamespaceSchemaLocation="http://moqui.org/xsd/xml-screen-2.1.xsd"
        default-menu-title="Feature" default-menu-index="1">

    <parameter name="exampleFeatureId"/>

    <transition name="createExampleFeature">
        <service-call name="moqui.example.ExampleServices.create#ExampleFeature"/>
        <default-response url="."/>
    </transition>
    <transition name="updateExampleFeature">
        <service-call name="update#moqui.example.ExampleFeature"/>
        <default-response url="."/>
    </transition>

    <actions>
        <entity-find-one entity-name="moqui.example.ExampleFeature" value-field="fieldValues"/>

        <entity-find entity-name="moqui.basic.Enumeration" list="featureSourceEnumList">
            <econdition field-name="enumTypeId" value="ExampleFeatureSource"/>
            <order-by field-name="sequenceNum"/>
        </entity-find>
    </actions>
    <widgets>
        <section name="create">
            <condition><compare field="fieldValues" operator="empty"/></condition>
            <widgets>
                <form-single name="CreateExampleFeature" transition="createExampleFeature">
                    <auto-fields-service service-name="moqui.example.ExampleServices.create#ExampleFeature"/>
                    <field name="exampleFeatureId">
                        <conditional-field condition="exampleFeatureId">
                            <display text="Not Found: [${exampleFeatureId}]" also-hidden="false"/>
                        </conditional-field>
                    </field>
                    <field name="featureSourceEnumId">
                        <default-field title="Feature Source"><drop-down>
                            <list-options list="featureSourceEnumList" key="${enumId}" text="${description}"/>
                        </drop-down></default-field>
                    </field>
                    <field name="submitButton"><default-field title="Create"><submit/></default-field></field>
                </form-single>
            </widgets>
        </section>
        <section name="update">
            <condition><compare field="fieldValues" operator="not-empty"/></condition>
            <widgets>
                <form-single name="UpdateExampleFeature" extends="CreateExampleFeature" transition="updateExampleFeature">
                    <field name="exampleFeatureId">
                        <conditional-field condition="exampleFeatureId"><display/></conditional-field>
                        <default-field><display/></default-field>
                    </field>
                    <field name="submitButton"><default-field title="Update"><submit/></default-field></field>
                </form-single>
            </widgets>
        </section>
    </widgets>
</screen>
