<?xml version="1.0" encoding="UTF-8"?>
<!--
This software is in the public domain under CC0 1.0 Universal plus a 
Grant of Patent License.

To the extent possible under law, the author(s) have dedicated all
copyright and related and neighboring rights to this software to the
public domain worldwide. This software is distributed without any
warranty.

You should have received a copy of the CC0 Public Domain Dedication
along with this software (see the LICENSE.md file). If not, see
<http://creativecommons.org/publicdomain/zero/1.0/>.
-->
<screen xmlns:xsi="http://www.w3.org/2001/XMLSchema-instance"
        xsi:noNamespaceSchemaLocation="http://moqui.org/xsd/xml-screen-2.1.xsd"
        default-menu-include="false">

    <transition name="newExampleFeature"><default-response url="../EditExampleFeature"/></transition>
    <transition name="findExampleFeature"><default-response url="."/></transition>
    <transition name="editExampleFeature"><default-response url="../EditExampleFeature"/></transition>

    <actions>
        <entity-find entity-name="moqui.example.ExampleFeature" list="exampleFeatureList">
            <search-form-inputs default-order-by="description"/></entity-find>
    </actions>
    <widgets>
        <container id="button-bar"><link url="newExampleFeature" text="New Feature" link-type="anchor-button"/></container>
        <form-list name="ListExampleFeatures" list="exampleFeatureList">
            <field name="exampleFeatureId">
                <header-field show-order-by="true"><text-find size="10" hide-options="true"/></header-field>
                <!-- this list will pass an exampleFeatureId param, as defined on the EditExampleFeature screen as an incoming parameter -->
                <default-field><link url="editExampleFeature" text="${exampleFeatureId}"/></default-field>
            </field>
            <field name="description"><header-field show-order-by="true"><text-find hide-options="true"/></header-field>
                <default-field><display/></default-field></field>
            <field name="searchButton"><header-field title="Find"><submit/></header-field>
                <default-field><display text=""/></default-field></field>
        </form-list>
    </widgets>
</screen>
