<?xml version="1.0" encoding="UTF-8"?>
<!--
This software is in the public domain under CC0 1.0 Universal plus a 
Grant of Patent License.

To the extent possible under law, the author(s) have dedicated all
copyright and related and neighboring rights to this software to the
public domain worldwide. This software is distributed without any
warranty.

You should have received a copy of the CC0 Public Domain Dedication
along with this software (see the LICENSE.md file). If not, see
<http://creativecommons.org/publicdomain/zero/1.0/>.
-->
<screen xmlns:xsi="http://www.w3.org/2001/XMLSchema-instance" xsi:noNamespaceSchemaLocation="http://moqui.org/xsd/xml-screen-2.1.xsd"
        default-menu-index="1" menu-image="glyphicon glyphicon-dashboard" menu-image-type="icon">

    <transition name="threadList"><default-response url="../ThreadList"/></transition>

    <actions>
        <set field="smap" from="ec.factory.getStatusMap()"/>
        <set field="loadPercent" from="(smap.Utilization.LoadPercent as BigDecimal).setScale(1, BigDecimal.ROUND_HALF_UP)"/>
        <set field="heapPercent" from="(smap.Utilization.HeapPercent as BigDecimal).setScale(1, BigDecimal.ROUND_HALF_UP)"/>
        <set field="diskPercent" from="(smap.Utilization.DiskPercent as BigDecimal).setScale(1, BigDecimal.ROUND_HALF_UP)"/>
        <set field="componentInfoList" from="orderMapList(ec.factory.getComponentInfoList(), ['^name'])"/>

        <set field="runtimeVersionMap" from="ec.factory.versionMap"/>

        <set field="workerPool" from="ec.factory.workerPool"/>
    </actions>
    <widgets>
        <container-row><row-col md="6">
            <container-box><box-header title="Server Admin"/><box-body>
                <link url="../Cache" text="Cache Mgmt"/>
                <link url="../Instance" text="Instance Mgmt"/>
                <link url="../Print/Printer" text="Printers"/>
                <link url="../Print/PrintJob" text="Print Jobs"/>
                <link url="../ServiceJob/Jobs" text="Service Jobs"/>
                <link url="../ServiceJob/JobRuns" text="Jobs Runs"/>
            </box-body></container-box>
            <container-box><box-header title="Security"/><box-body>
                <link url="../Security/UserAccount" text="Users"/>
                <link url="../Security/UserGroup" text="User Groups"/>
                <link url="../Security/ArtifactGroup" text="Artifact Groups"/>
                <link url="../Security/ActiveUsers" text="Active Users"/>
            </box-body></container-box>
            <container-box><box-header title="Usage"/><box-body>
                <link url="../ArtifactHitSummary" text="Artifact Hit Summary"/>
                <link url="../ArtifactHitBins" text="Artifact Hit Bins"/>
                <link url="../AuditLog" text="Audit Log"/>
                <link url="../Visit" text="Visits"/>
                <link url="../LogViewer" text="Log Viewer"/>
            </box-body></container-box>
        </row-col><row-col md="6">
            <container-box><box-header title="Data Documents and Feeds"/><box-body>
                <link url="../DataDocument/Search" text="Search"/>
                <link url="../DataDocument/Export" text="Export"/>
                <link url="../DataDocument/Index" text="Feed Index"/>
                <link url="../DataDocument/Edit" text="Edit and Report Builder"/>
            </box-body></container-box>
            <container-box><box-header title="Data Admin"/><box-body>
                <link url="../Localization/Messages" text="L10n: Messages"/>
                <link url="../Localization/EntityFields" text="L10n: Entity Fields"/>
                <link url="../Resource" text="Resource Finder"/>
            </box-body></container-box>
            <container-box><box-header title="Integration Admin"/><box-body>
                <link url="../SystemMessage/Message" text="System Messages"/>
                <link url="../SystemMessage/Remote" text="Message Remotes"/>
                <link url="../SystemMessage/Type" text="Message Types"/>
                <link url="../EntitySync" text="Entity Data Sync"/>
            </box-body></container-box>
        </row-col></container-row>
        <container-box><box-header title="System Information"/><box-toolbar>
            <link url="threadList" text="Thread List"/>
        </box-toolbar><box-body>
            <container-row><row-col sm="4">
                <label text="Uptime: ${ec.l10n.format(smap.JavaRuntime.UptimeHours, '#,##0.00')} hours" type="strong"/>
            </row-col><row-col sm="4">
                <label text="Locale: ${Locale.getDefault()}" type="strong"/>
            </row-col><row-col sm="4">
                <label text="Time Zone: ${TimeZone.getDefault().getID()} GMT${ec.l10n.format(TimeZone.getDefault().getRawOffset()/(1000*60*60), '+00.0;-00.0')} DST ${TimeZone.getDefault().getDSTSavings()/(1000*60*60)}" type="strong"/>
            </row-col></container-row>
            <container-row><row-col md="4">
                <container-row><row-col xs="5"><label text="Heap Memory" type="strong"/></row-col>
                    <row-col xs="7"><label text="Heap: ${ec.l10n.format(heapPercent, '00.0')}%" style="${heapPercent &lt; 70 ? 'text-success' : (heapPercent &lt; 90 ? 'text-warn' : 'text-danger' )}"/></row-col></container-row>
                <container-row><row-col xs="1"/><row-col xs="4"><label text="Used" type="strong"/></row-col>
                    <row-col xs="7"><label text="${ec.l10n.format(smap.Heap.Used, '#,##0.00')} MiB"/></row-col></container-row>
                <container-row><row-col xs="1"/><row-col xs="4"><label text="Committed" type="strong"/></row-col>
                    <row-col xs="7"><label text="${ec.l10n.format(smap.Heap.Committed, '#,##0.00')} MiB"/></row-col></container-row>
                <container-row><row-col xs="1"/><row-col xs="4"><label text="Max" type="strong"/></row-col>
                    <row-col xs="7"><label text="${ec.l10n.format(smap.Heap.Max, '#,##0.00')} MiB"/></row-col></container-row>

                <label text="Non-Heap Memory" type="strong"/>
                <container-row><row-col xs="1"/><row-col xs="4"><label text="Used" type="strong"/></row-col>
                    <row-col xs="7"><label text="${ec.l10n.format(smap.NonHeap.Used, '#,##0.00')} MiB"/></row-col></container-row>
                <container-row><row-col xs="1"/><row-col xs="4"><label text="Committed" type="strong"/></row-col>
                    <row-col xs="7"><label text="${ec.l10n.format(smap.NonHeap.Committed, '#,##0.00')} MiB"/></row-col></container-row>

                <container-row><row-col xs="5"><label text="Disk (runtime)" type="strong"/></row-col>
                    <row-col xs="7"><label text="Disk: ${ec.l10n.format(diskPercent, '00.0')}%" style="${diskPercent &lt; 70 ? 'text-success' : (diskPercent &lt; 90 ? 'text-warn' : 'text-danger' )}"/></row-col></container-row>
                <container-row><row-col xs="1"/><row-col xs="4"><label text="Usable" type="strong"/></row-col>
                    <row-col xs="7"><label text="${ec.l10n.format(smap.Disk.Usable, '#,##0.00')} MiB"/></row-col></container-row>
                <container-row><row-col xs="1"/><row-col xs="4"><label text="Total" type="strong"/></row-col>
                    <row-col xs="7"><label text="${ec.l10n.format(smap.Disk.Total, '#,##0.00')} MiB"/></row-col></container-row>
            </row-col><row-col md="4">
                <container-row><row-col xs="5"><label text="System" type="strong"/></row-col>
                    <row-col xs="7"><label text="Load: ${ec.l10n.format(loadPercent, '00.0')}%" style="${loadPercent &lt; 70 ? 'text-success' : (loadPercent &lt; 90 ? 'text-warn' : 'text-danger' )}"/></row-col></container-row>
                <container-row><row-col xs="1"/><row-col xs="4"><label text="Load" type="strong"/></row-col>
                    <row-col xs="7"><label text="${ec.l10n.format(smap.System.Load, '#,##0.00')} (avg last minute)"/></row-col></container-row>
                <container-row><row-col xs="1"/><row-col xs="4"><label text="CPU" type="strong"/></row-col>
                    <row-col xs="7"><label text="${smap.System.CPU} (${smap.System.Processors} threads)"/></row-col></container-row>
                <container-row><row-col xs="1"/><row-col xs="4"><label text="OS" type="strong"/></row-col>
                    <row-col xs="7"><label text="${smap.System.OsName} ${smap.System.OsVersion}"/></row-col></container-row>

                <label text="Java Runtime" type="strong"/>
                <container-row><row-col xs="1"/><row-col xs="4"><label text="Version" type="strong"/></row-col>
                    <row-col xs="7"><label text="${smap.JavaRuntime.SpecVersion} (${smap.JavaRuntime.VmVendor} ${smap.JavaRuntime.VmVersion})"/></row-col></container-row>
                <container-row><row-col xs="1"/><row-col xs="4"><label text="Start" type="strong"/></row-col>
                    <row-col xs="7"><label text="${smap.JavaRuntime.Start}"/></row-col></container-row>
                <container-row><row-col xs="1"/><row-col xs="4"><label text="Uptime" type="strong"/></row-col>
                    <row-col xs="7"><label text="${ec.l10n.format(smap.JavaRuntime.UptimeHours, '#,##0.00')} hours"/></row-col></container-row>

                <label text="Moqui Framework" type="strong"/>
                <container-row><row-col xs="1"/><row-col xs="4"><label text="Version" type="strong"/></row-col>
                    <row-col xs="7"><label text="${ec.factory.moquiVersion}"/></row-col></container-row>
            </row-col><row-col md="4">
                <label text="Web Server" type="strong"/>
                <container-row><row-col xs="1"/><row-col xs="4"><label text="Local IP" type="strong"/></row-col>
                    <row-col xs="7"><label text="${smap.Web.LocalAddr}:${smap.Web.LocalPort}"/></row-col></container-row>
                <container-row><row-col xs="1"/><row-col xs="4"><label text="Local Name" type="strong"/></row-col>
                    <row-col xs="7"><label text="${smap.Web.LocalName}"/></row-col></container-row>
                <container-row><row-col xs="1"/><row-col xs="4"><label text="Requested" type="strong"/></row-col>
                    <row-col xs="7"><label text="${smap.Web.ServerName}:${smap.Web.ServerPort}"/></row-col></container-row>

                <label text="Java Statistics" type="strong"/>
                <container-row><row-col xs="1"/><row-col xs="4"><label text="GC" type="strong"/></row-col>
                    <row-col xs="7"><label text="${smap.JavaStats.GcCount}, ${ec.l10n.format(smap.JavaStats.GcTimeSeconds, '#,##0.00')}s total"/></row-col></container-row>
                <!-- <container-row><row-col xs="1"/><row-col xs="4"><label text="JIT" type="strong"/></row-col>
                    <row-col xs="7"><label text="${smap.JavaStats.JIT}"/></row-col></container-row> -->
                <container-row><row-col xs="1"/><row-col xs="4"><label text="Compile Time" type="strong"/></row-col>
                    <row-col xs="7"><label text="${ec.l10n.format(smap.JavaStats.CompileTimeSeconds, '#,##0.00')}s total"/></row-col></container-row>
                <container-row><row-col xs="1"/><row-col xs="4"><label text="Loaded Classes" type="strong"/></row-col>
                    <row-col xs="7"><label text="${smap.JavaStats.ClassesLoaded} (${smap.JavaStats.ClassesTotalLoaded} tot, ${smap.JavaStats.ClassesUnloaded} unl)"/></row-col></container-row>
                <container-row><row-col xs="1"/><row-col xs="4"><label text="Threads" type="strong"/></row-col>
                    <row-col xs="7"><label text="${smap.JavaStats.ThreadCount} (${smap.JavaStats.PeakThreadCount} peak)"/></row-col></container-row>

                <label text="Worker Pool" type="strong"/>
                <container-row><row-col xs="1"/><row-col xs="4"><label text="Threads" type="strong"/></row-col>
                    <row-col xs="7"><label text="Active: ${workerPool.getActiveCount()} Cur: ${workerPool.getPoolSize()} Max: ${workerPool.getMaximumPoolSize()}"
                            style="${workerPool.getActiveCount() == workerPool.getMaximumPoolSize() ? 'text-warning' : ''}"/></row-col></container-row>
                <container-row><row-col xs="1"/><row-col xs="4"><label text="Queue" type="strong"/></row-col>
                    <row-col xs="7"><label text="Cur: ${workerPool.queue.size()} Rem: ${workerPool.queue.remainingCapacity()}"
                            style="workerPool.queue.remainingCapacity() == 0 ? 'text-danger' : (workerPool.queue.size() &gt; workerPool.queue.remainingCapacity() ? 'text-warning' : '')"/></row-col></container-row>
            </row-col></container-row>
        </box-body><box-body-nopad>
            <form-list name="DatasourceList" list="smap.DataSources" skip-form="true">
                <field name="group"><default-field title="Entity Group"><display/></default-field></field>
                <field name="uniqueName"><default-field><display/></default-field></field>
                <field name="database"><default-field><display/></default-field></field>
                <field name="detail"><default-field><display/></default-field></field>
            </form-list>
            <label text="Framework: ${runtimeVersionMap.framework.toString()}" condition="runtimeVersionMap?.framework" type="div"/>
            <label text="Runtime: ${runtimeVersionMap.runtime.toString()}" condition="runtimeVersionMap?.runtime" type="div"/>
            <form-list name="ComponentInfoList" list="componentInfoList" skip-form="true">
                <field name="name"><default-field title="Component Name"><display/></default-field></field>
                <field name="version"><default-field><display/></default-field></field>
                <field name="location"><default-field><display/></default-field></field>
                <field name="versionMap"><default-field title="Version Detail"><display/></default-field></field>
                <field name="dependsOnNames"><default-field><display/></default-field></field>
                <form-list-column><field-ref name="name"/><field-ref name="version"/></form-list-column>
                <form-list-column><field-ref name="location"/><field-ref name="versionMap"/></form-list-column>
                <form-list-column><field-ref name="dependsOnNames"/></form-list-column>
            </form-list>
        </box-body-nopad></container-box>
    </widgets>
</screen>
