<?xml version="1.0" encoding="UTF-8"?>
<!--
This software is in the public domain under CC0 1.0 Universal plus a 
Grant of Patent License.

To the extent possible under law, the author(s) have dedicated all
copyright and related and neighboring rights to this software to the
public domain worldwide. This software is distributed without any
warranty.

You should have received a copy of the CC0 Public Domain Dedication
along with this software (see the LICENSE.md file). If not, see
<http://creativecommons.org/publicdomain/zero/1.0/>.
-->
<entity-facade-xml type="seed-initial">
    <!-- NOTE: subscreen configuration is now in the MoquiConf.xml file instead of DB records
    <moqui.screen.SubscreensItem screenLocation="component://webroot/screen/webroot/apps.xml" subscreenName="example" menuTitle="Example"
            menuIndex="97" menuInclude="Y" subscreenLocation="component://example/screen/ExampleApp.xml"/>
    -->

    <!-- Artifact group for all of the Example application via the ExampleApp screen (the root screen for the app) -->
    <moqui.security.ArtifactGroup artifactGroupId="EXAMPLE_APP" description="Example App (via root screen)"/>
    <moqui.security.ArtifactGroupMember artifactGroupId="EXAMPLE_APP" artifactTypeEnumId="AT_XML_SCREEN"
            inheritAuthz="Y" artifactName="component://example/screen/ExampleApp.xml"/>
    <!-- Full permissions for the ADMIN user group -->
    <moqui.security.ArtifactAuthz artifactAuthzId="EXAMPLE_AUTHZ_ALL" userGroupId="ADMIN" artifactGroupId="EXAMPLE_APP"
            authzTypeEnumId="AUTHZT_ALWAYS" authzActionEnumId="AUTHZA_ALL"/>

    <!-- Artifact group for all of the Example REST API via the example resource (the root resource) -->
    <moqui.security.ArtifactGroup artifactGroupId="EXAMPLE_API" description="Example REST API (via root resource)"/>
    <moqui.security.ArtifactGroupMember artifactGroupId="EXAMPLE_API" artifactTypeEnumId="AT_REST_PATH"
            inheritAuthz="Y" artifactName="/example"/>
    <!-- Full permissions for the ADMIN user group -->
    <moqui.security.ArtifactAuthz artifactAuthzId="EXAMPLEAPI_AUTHZ_ALL" userGroupId="ADMIN" artifactGroupId="EXAMPLE_API"
            authzTypeEnumId="AUTHZT_ALWAYS" authzActionEnumId="AUTHZA_ALL"/>
</entity-facade-xml>
