<?xml version="1.0" encoding="UTF-8"?>
<!--
This software is in the public domain under CC0 1.0 Universal plus a 
Grant of Patent License.

To the extent possible under law, the author(s) have dedicated all
copyright and related and neighboring rights to this software to the
public domain worldwide. This software is distributed without any
warranty.

You should have received a copy of the CC0 Public Domain Dedication
along with this software (see the LICENSE.md file). If not, see
<http://creativecommons.org/publicdomain/zero/1.0/>.
-->
<entity-facade-xml type="seed">
    <moqui.basic.LocalizedMessage original="Example" locale="es" localized="Ejemplo"/>
    <moqui.basic.LocalizedMessage original="Example" locale="fr" localized="Exemple"/>
    <moqui.basic.LocalizedMessage original="Example" locale="it" localized="Esempio"/>
    <moqui.basic.LocalizedMessage original="Example" locale="zh" localized="样例"/>

    <moqui.basic.LocalizedMessage original="Example Feature" locale="es" localized="Característica Ejemplo"/>
    <moqui.basic.LocalizedMessage original="Example Feature" locale="fr" localized="Caractéristique exemple"/>
    <moqui.basic.LocalizedMessage original="Example Feature" locale="it" localized="Caratteristica Esempio"/>
    <moqui.basic.LocalizedMessage original="Example Feature" locale="zh" localized="样例特征"/>

    <moqui.basic.LocalizedMessage original="Test expansion ${ec.user.locale} original" locale="en"
            localized="Test expansion ${ec.factory.moquiVersion} localized"/>
</entity-facade-xml>
