# first line is ${entityName or serviceName},${dataType}
moqui.example.ExampleServices.create#Example, demo
# second line is list of field names
exampleTypeEnumId, statusId, exampleName, description, exampleSize, exampleDate, testDate, testTime, exampleEmail
# each additional line has values for those fields to pass to each service call
EXT_MADE_UP, EXST_IN_DESIGN, Test Example Name 3, "Test description 3, with a comma, from a service", 13, 2014-03-03 15:00:00, 2014-03-03, 15:00:00, example3@test.com
