<?xml version="1.0" encoding="UTF-8"?>
<!--
This software is in the public domain under CC0 1.0 Universal plus a 
Grant of Patent License.

To the extent possible under law, the author(s) have dedicated all
copyright and related and neighboring rights to this software to the
public domain worldwide. This software is distributed without any
warranty.

You should have received a copy of the CC0 Public Domain Dedication
along with this software (see the LICENSE.md file). If not, see
<http://creativecommons.org/publicdomain/zero/1.0/>.
-->
<screen xmlns:xsi="http://www.w3.org/2001/XMLSchema-instance"
        xsi:noNamespaceSchemaLocation="http://moqui.org/xsd/xml-screen-2.1.xsd"
        default-menu-include="false" require-authentication="false">

    <transition name="changePassword">
        <service-call name="org.moqui.impl.UserServices.update#Password"/>
        <default-response url="../Login"/>
        <error-response url="."/>
    </transition>

    <widgets>
        <!-- NOTE: this screen is not under the apps screen, but uses similar header/footer/etc -->
        <container-panel id="apps-container">
            <panel-header>
                <container id="header-logo"><label text="Welcome" type="h1"/></container>
            </panel-header>
            <panel-center>
                <section-iterate name="headerMessages" list="ec.message.messages" entry="message">
                    <widgets><container style="message"><label text="${message}"/></container></widgets>
                </section-iterate>
                <section-iterate name="headerErrors" list="ec.message.errors" entry="errorMessage">
                    <widgets><container style="message error"><label text="${errorMessage}"/></container></widgets>
                </section-iterate>

                <container id="login-box">
                    <form-single name="ChangePassword" transition="changePassword">
                        <field name="username"><default-field><text-line size="20"/></default-field></field>
                        <field name="oldPassword"><default-field><password size="20"/></default-field></field>
                        <field name="newPassword"><default-field><password size="20"/></default-field></field>
                        <field name="newPasswordVerify"><default-field><password size="20"/></default-field></field>
                        <field name="submitButton"><default-field title="Login"><submit/></default-field></field>
                    </form-single>
                </container>
            </panel-center>
        </container-panel>
    </widgets>
</screen>
