<?xml version="1.0" encoding="UTF-8"?>
<!--
This software is in the public domain under CC0 1.0 Universal plus a 
Grant of Patent License.

To the extent possible under law, the author(s) have dedicated all
copyright and related and neighboring rights to this software to the
public domain worldwide. This software is distributed without any
warranty.

You should have received a copy of the CC0 Public Domain Dedication
along with this software (see the LICENSE.md file). If not, see
<http://creativecommons.org/publicdomain/zero/1.0/>.
-->
<screen xmlns:xsi="http://www.w3.org/2001/XMLSchema-instance"
        xsi:noNamespaceSchemaLocation="http://moqui.org/xsd/xml-screen-2.1.xsd"
        default-menu-title="Clients" default-menu-index="3" menu-image="/hmstatic/images/client-businessmen26.png">

    <subscreens default-item="FindClient"/>

    <widgets>
        <!-- use a dynamic panel here since a subscreen uses a dynamic panel and this way the heights are correct -->
        <container-panel id="client-panel" dynamic="true">
            <panel-header spacing="0"><subscreens-menu id="client-menu" type="tab"/></panel-header>
            <panel-center><subscreens-active/></panel-center>
        </container-panel>
    </widgets>
</screen>
