<?xml version="1.0" encoding="UTF-8"?>
<!--
This software is in the public domain under CC0 1.0 Universal plus a 
Grant of Patent License.

To the extent possible under law, the author(s) have dedicated all
copyright and related and neighboring rights to this software to the
public domain worldwide. This software is distributed without any
warranty.

You should have received a copy of the CC0 Public Domain Dedication
along with this software (see the LICENSE.md file). If not, see
<http://creativecommons.org/publicdomain/zero/1.0/>.
-->
<screen xmlns:xsi="http://www.w3.org/2001/XMLSchema-instance" xsi:noNamespaceSchemaLocation="http://moqui.org/xsd/xml-screen-2.1.xsd"
        default-menu-title="Rates" default-menu-index="7" menu-image="/hmstatic/images/rates-internet16.png">

    <transition name="createRateAmount">
        <service-call name="create#mantle.humanres.rate.RateAmount" in-map="context"/>
        <default-response url="."/>
    </transition>
    <transition name="updateRateAmount">
        <service-call name="mantle.humanres.RateServices.update#RateAmount" in-map="context"/>
        <default-response url="."/>
    </transition>

    <transition name="getPersonList">
        <actions>
            <entity-find entity-name="mantle.party.PersonAndUserAccount" list="pauList" limit="20">
                <econditions combine="or">
                    <econdition field-name="firstName" operator="like" value="%${term}%" ignore-case="true"/>
                    <econdition field-name="lastName" operator="like" value="%${term}%" ignore-case="true"/>
                    <econdition field-name="username" operator="like" value="%${term}%" ignore-case="true"/>
                </econditions>
                <order-by field-name="^firstName"/><order-by field-name="^lastName"/><order-by field-name="^username"/>
            </entity-find>
            <script>
                def outList = []
                for (def pau in pauList)
                    outList.add([value:pau.partyId, label:"${pau.firstName} ${pau.lastName} (${pau.username})".toString()])
                ec.web.sendJsonResponse(outList)
            </script>
        </actions>
        <default-response type="none"/>
    </transition>

    <actions>
        <entity-find entity-name="mantle.humanres.rate.RateAmount" list="rateAmountList">
            <search-form-inputs default-order-by="rateTypeEnumId,ratePurposeEnumId"/></entity-find>
        
        <entity-find entity-name="mantle.ledger.config.PartyAcctgPreference" list="partyAcctgPreferenceList"/>
        <set field="currencyUomIdList" from="[]"/>
        <iterate list="partyAcctgPreferenceList" entry="partyAcctgPreference">
            <script>currencyUomIdList.add(partyAcctgPreference.baseCurrencyUomId)</script>
        </iterate>
    </actions>
    <widgets>
        <container-dialog id="AddRateAmountDialog" button-text="Add Rate Amount" width="700">
            <form-single name="CreateRateAmount" transition="createRateAmount">
                <field name="rateAmountId"><default-field><hidden/></default-field></field>
                <field name="timePeriodUomId"><default-field><hidden default-value="TF_hr"/></default-field></field>

                <field name="rateTypeEnumId"><default-field title="Type">
                    <widget-template-include location="component://webroot/template/screen/BasicWidgetTemplates.xml#enumDropDown">
                        <set field="enumTypeId" value="RateType"/><set field="noCurrentSelectedKey" value="RatpStandard"/></widget-template-include>
                </default-field></field>
                <field name="ratePurposeEnumId"><default-field title="Purpose">
                    <widget-template-include location="component://webroot/template/screen/BasicWidgetTemplates.xml#enumDropDown">
                        <set field="enumTypeId" value="RatePurpose"/></widget-template-include>
                </default-field></field>

                <field name="workEffortId"><default-field title="Project"><drop-down allow-empty="true">
                    <entity-options key="${workEffortId}" text="${workEffortId} - ${workEffortName}">
                        <entity-find entity-name="mantle.work.effort.WorkEffort">
                            <econdition field-name="workEffortTypeEnumId" value="WetProject"/>
                            <order-by field-name="workEffortId"/></entity-find>
                    </entity-options>
                </drop-down></default-field></field>
                <field name="partyId"><default-field title="Person">
                    <text-line ac-transition="getPersonList" ac-min-length="2" size="15"/>
                </default-field></field>
                <field name="emplPositionClassId"><default-field title="Position Class"><drop-down allow-empty="true">
                    <entity-options key="${emplPositionClassId}" text="${title}">
                        <entity-find entity-name="mantle.humanres.position.EmplPositionClass">
                            <order-by field-name="title"/></entity-find>
                    </entity-options>
                </drop-down></default-field></field>
                <field name="workTypeEnumId"><default-field title="Work Type">
                    <widget-template-include location="component://webroot/template/screen/BasicWidgetTemplates.xml#enumDropDown">
                        <set field="enumTypeId" value="WorkType"/><set field="allowEmpty" value="true"/></widget-template-include>
                </default-field></field>

                <field name="fromDate"><default-field><date-time/></default-field></field>
                <field name="thruDate"><default-field><date-time/></default-field></field>

                <field name="rateAmount"><default-field><text-line size="8"/></default-field></field>
                <field name="rateCurrencyUomId"><default-field title="Currency">
                    <drop-down><list-options list="currencyUomIdList"/></drop-down>
                </default-field></field>

                <field name="submitButton"><default-field title="Create Rate Amount"><submit/></default-field></field>
            </form-single>
        </container-dialog>

        <form-list name="EditRateAmounts" list="rateAmountList" transition="updateRateAmount" multi="true">
            <field name="rateAmountId"><default-field><hidden/></default-field></field>
            <field name="timePeriodUomId"><default-field><hidden default-value="TF_hr"/></default-field></field>

            <field name="rateTypeEnumId">
                <header-field title="Type" show-order-by="true">
                    <widget-template-include location="component://webroot/template/screen/BasicWidgetTemplates.xml#enumDropDown">
                        <set field="enumTypeId" value="RateType"/><set field="allowEmpty" value="true"/></widget-template-include>
                </header-field>
                <default-field><display-entity entity-name="moqui.basic.Enumeration" key-field-name="enumId"/></default-field>
            </field>
            <field name="ratePurposeEnumId">
                <header-field title="Purpose" show-order-by="true">
                    <widget-template-include location="component://webroot/template/screen/BasicWidgetTemplates.xml#enumDropDown">
                        <set field="enumTypeId" value="RatePurpose"/><set field="allowEmpty" value="true"/></widget-template-include>
                </header-field>
                <default-field><display-entity entity-name="moqui.basic.Enumeration" key-field-name="enumId"/></default-field>
            </field>
            <field name="workEffortId">
                <header-field title="Project" show-order-by="true"><drop-down allow-empty="true">
                    <entity-options key="${workEffortId}" text="${workEffortId}">
                        <entity-find entity-name="mantle.work.effort.WorkEffort">
                            <econdition field-name="workEffortTypeEnumId" value="WetProject"/>
                            <order-by field-name="workEffortId"/></entity-find>
                    </entity-options>
                </drop-down></header-field>
                <default-field><display-entity entity-name="mantle.work.effort.WorkEffort" text="${workEffortId} - ${workEffortName}"/></default-field></field>
            <field name="partyId">
                <header-field title="Party"><text-line ac-transition="getPersonList" ac-min-length="2" size="15"/></header-field>
                <default-field><display-entity entity-name="mantle.party.PartyDetail" text="${organizationName?:''} ${firstName?:''} ${lastName?:''} [${partyId}]"/></default-field>
            </field>

            <field name="emplPositionClassId">
                <header-field title="Position Class" show-order-by="true"><drop-down allow-empty="true">
                    <entity-options key="${emplPositionClassId}" text="${title}">
                        <entity-find entity-name="mantle.humanres.position.EmplPositionClass">
                            <order-by field-name="title"/></entity-find>
                    </entity-options>
                </drop-down></header-field>
                <default-field><display-entity entity-name="mantle.humanres.position.EmplPositionClass" text="${title}"/></default-field>
            </field>
            <field name="workTypeEnumId">
                <header-field title="Work Type" show-order-by="true">
                    <widget-template-include location="component://webroot/template/screen/BasicWidgetTemplates.xml#enumDropDown">
                        <set field="enumTypeId" value="WorkType"/><set field="allowEmpty" value="true"/></widget-template-include>
                </header-field>
                <default-field><display-entity entity-name="moqui.basic.Enumeration"/></default-field>
            </field>

            <field name="fromDate">
                <header-field show-order-by="true"><!--<date-find/>--></header-field>
                <default-field><date-time/></default-field>
            </field>
            <field name="thruDate">
                <header-field show-order-by="true"/>
                <default-field><date-time/></default-field>
            </field>

            <field name="rateAmount">
                <header-field><range-find size="6"/></header-field>
                <default-field><text-line size="8"/></default-field>
            </field>
            <field name="rateCurrencyUomId">
                <header-field title="Currency"><drop-down allow-empty="true"><list-options list="currencyUomIdList"/></drop-down></header-field>
                <default-field><display-entity entity-name="moqui.basic.Uom" key-field-name="uomId" text="${description}"/></default-field>
            </field>

            <field name="findButton"><header-field title="Find"><submit/></header-field></field>
            <field name="submitButton"><default-field title="Update"><submit/></default-field></field>

            <form-list-column><field-ref name="rateTypeEnumId"/><field-ref name="ratePurposeEnumId"/></form-list-column>
            <form-list-column><field-ref name="workEffortId"/><field-ref name="partyId"/></form-list-column>
            <form-list-column><field-ref name="emplPositionClassId"/><field-ref name="workTypeEnumId"/></form-list-column>
            <form-list-column><field-ref name="fromDate"/><field-ref name="thruDate"/></form-list-column>
            <form-list-column><field-ref name="rateAmount"/></form-list-column>
            <form-list-column><field-ref name="rateCurrencyUomId"/></form-list-column>
            <form-list-column><field-ref name="findButton"/></form-list-column>
        </form-list>
    </widgets>
</screen>
