<?xml version="1.0" encoding="UTF-8"?>
<!DOCTYPE catalog PUBLIC "-//OASIS//DTD Entity Resolution XML Catalog V1.0//EN"
                         "http://www.oasis-open.org/committees/entity/release/1.0/catalog.dtd">
<!--
This software is in the public domain under CC0 1.0 Universal plus a
Grant of Patent License.

To the extent possible under law, the author(s) have dedicated all
copyright and related and neighboring rights to this software to the
public domain worldwide. This software is distributed without any
warranty.

You should have received a copy of the CC0 Public Domain Dedication
along with this software (see the LICENSE.md file). If not, see
<http://creativecommons.org/publicdomain/zero/1.0/>.
-->

<catalog xmlns="urn:oasis:names:tc:entity:xmlns:xml:catalog">
    <!-- <public publicId="-//W3C//DTD SVG 1.0//EN" uri="svg10.dtd"/> -->

    <system systemId="http://moqui.org/xsd/email-eca-2.1.xsd" uri="email-eca-2.1.xsd"/>
    <system systemId="http://moqui.org/xsd/entity-definition-2.1.xsd" uri="entity-definition-2.1.xsd"/>
    <system systemId="http://moqui.org/xsd/entity-eca-2.1.xsd" uri="entity-eca-2.1.xsd"/>

    <system systemId="http://moqui.org/xsd/moqui-conf-2.1.xsd" uri="moqui-conf-2.1.xsd"/>

    <system systemId="http://moqui.org/xsd/rest-api-2.1.xsd" uri="rest-api-2.1.xsd"/>
    <system systemId="http://moqui.org/xsd/service-definition-2.1.xsd" uri="service-definition-2.1.xsd"/>
    <system systemId="http://moqui.org/xsd/service-eca-2.1.xsd" uri="service-eca-2.1.xsd"/>

    <system systemId="http://moqui.org/xsd/xml-actions-2.1.xsd" uri="xml-actions-2.1.xsd"/>
    <system systemId="http://moqui.org/xsd/xml-form-2.1.xsd" uri="xml-form-2.1.xsd"/>
    <system systemId="http://moqui.org/xsd/xml-screen-2.1.xsd" uri="xml-screen-2.1.xsd"/>
</catalog>
