<?xml version="1.0" encoding="UTF-8"?>
<!--
This software is in the public domain under CC0 1.0 Universal plus a 
Grant of Patent License.

To the extent possible under law, the author(s) have dedicated all
copyright and related and neighboring rights to this software to the
public domain worldwide. This software is distributed without any
warranty.

You should have received a copy of the CC0 Public Domain Dedication
along with this software (see the LICENSE.md file). If not, see
<http://creativecommons.org/publicdomain/zero/1.0/>.
-->
<screen xmlns:xsi="http://www.w3.org/2001/XMLSchema-instance"
        xsi:noNamespaceSchemaLocation="http://moqui.org/xsd/xml-screen-2.1.xsd"
        default-menu-title="Items" default-menu-index="2">
    
    <parameter name="exampleId" required="true"/>

    <transition name="createExampleItem">
        <service-call name="moqui.example.ExampleServices.create#ExampleItem" web-send-json-response="true"/>
        <default-response type="none"/>
    </transition>
    <transition name="editExampleItemList"><default-response url="../EditExampleItemList"/></transition>

    <actions>
        <entity-find entity-name="moqui.basic.UomAndType" list="allUomAndTypeList">
            <econdition field-name="uomTypeEnumId" operator="not-equals" value="UT_CURRENCY_MEASURE"/>
            <order-by field-name="typeDescription"/>
            <order-by field-name="description"/>
        </entity-find>
    </actions>
    <widgets>
        <container-dialog id="AddItemDialog" button-text="Add Item">
            <form-single name="AddExampleItem" transition="createExampleItem" background-submit="true"
                    background-reload-id="EditExampleItemListContainer" background-message="Example item added">
                <auto-fields-service service-name="create#moqui.example.ExampleItem"/>
                <field name="exampleId"><default-field><hidden/></default-field></field>
                <field name="exampleItemSeqId"><default-field><ignored/><!-- this will be auto-sequenced --></default-field></field>
                <field name="amountUomId">
                    <default-field title="UOM"><drop-down allow-empty="true">
                        <list-options list="allUomAndTypeList" key="${uomId}" text="${typeDescription} - ${ec.resource.expand('UomNameTemplate','')}"/>
                    </drop-down></default-field>
                </field>
                <field name="submitButton"><default-field title="Add"><submit confirmation="Really Add?"/></default-field></field>
            </form-single>
        </container-dialog>

        <dynamic-container id="EditExampleItemListContainer" transition="editExampleItemList"/>
    </widgets>
</screen>
