<?xml version="1.0" encoding="UTF-8"?>
<!--
This software is in the public domain under CC0 1.0 Universal plus a 
Grant of Patent License.

To the extent possible under law, the author(s) have dedicated all
copyright and related and neighboring rights to this software to the
public domain worldwide. This software is distributed without any
warranty.

You should have received a copy of the CC0 Public Domain Dedication
along with this software (see the LICENSE.md file). If not, see
<http://creativecommons.org/publicdomain/zero/1.0/>.
-->
<screen xmlns:xsi="http://www.w3.org/2001/XMLSchema-instance"
        xsi:noNamespaceSchemaLocation="http://moqui.org/xsd/xml-screen-2.1.xsd"
        default-menu-include="false" standalone="true">
    
    <parameter name="exampleId"/>

    <transition name="updateExampleItem"><service-call name="update#moqui.example.ExampleItem"/>
        <default-response url="../EditExampleItems"><parameter name="exampleId" from="exampleId_0"/></default-response></transition>
    <transition name="deleteExampleItem"><service-call name="delete#moqui.example.ExampleItem"/>
        <default-response url="../EditExampleItems"/></transition>

    <actions>
        <entity-find entity-name="moqui.example.ExampleItem" list="exampleItemList">
            <search-form-inputs default-order-by="exampleItemSeqId"/>
            <econdition field-name="exampleId" from="exampleId"/>
        </entity-find>

        <entity-find entity-name="moqui.basic.UomAndType" list="allUomAndTypeList">
            <econdition field-name="uomTypeEnumId" operator="not-equals" value="UT_CURRENCY_MEASURE"/>
            <order-by field-name="typeDescription"/><order-by field-name="description"/>
        </entity-find>
    </actions>
    <widgets>
        <form-list name="ListExampleItems" transition="updateExampleItem" list="exampleItemList" multi="true">
            <auto-fields-service service-name="update#moqui.example.ExampleItem"/>
            <field name="exampleId">
                <header-field><hidden/></header-field>
                <default-field><hidden/></default-field>
            </field>
            <field name="exampleItemSeqId"><default-field title="Item"><display/></default-field></field>
            <field name="description">
                <header-field show-order-by="true"><text-find hide-options="true" size="15"/></header-field>
                <default-field><text-line size="15"/></default-field>
            </field>
            <field name="amount">
                <header-field show-order-by="true"/>
                <default-field><text-line size="5"/></default-field>
            </field>
            <field name="amountUomId">
                <header-field>
                    <drop-down allow-empty="true">
                        <list-options list="allUomAndTypeList" key="${uomId}" text="${typeDescription} - ${ec.resource.expand('UomNameTemplate','')}"/>
                    </drop-down>
                </header-field>
                <default-field title="UOM">
                    <drop-down allow-empty="true">
                        <list-options list="allUomAndTypeList" key="${uomId}" text="${typeDescription} - ${ec.resource.expand('UomNameTemplate','')}"/>
                    </drop-down>
                </default-field>
            </field>
            <field name="submitButton"><default-field title="Update"><submit/></default-field></field>
            <field name="deleteLink">
                <header-field title="Find"><submit/></header-field>
                <default-field title="">
                    <!-- the parameters for this will be auto-mapped: exampleId, exampleItemSeqId -->
                    <link url="deleteExampleItem" text="Delete" confirmation="Really Delete?"/>
                </default-field>
            </field>

            <!-- NOTE: these are here to test the form-list-column rendering, especially combined with multi=true -->
            <form-list-column><field-ref name="exampleItemSeqId"/></form-list-column>
            <form-list-column><field-ref name="description"/></form-list-column>
            <form-list-column><field-ref name="amount"/></form-list-column>
            <form-list-column><field-ref name="amountUomId"/></form-list-column>
            <form-list-column><field-ref name="deleteLink"/></form-list-column>
        </form-list>
    </widgets>
</screen>
