<?xml version="1.0" encoding="UTF-8"?>
<!--
This software is in the public domain under CC0 1.0 Universal plus a 
Grant of Patent License.

To the extent possible under law, the author(s) have dedicated all
copyright and related and neighboring rights to this software to the
public domain worldwide. This software is distributed without any
warranty.

You should have received a copy of the CC0 Public Domain Dedication
along with this software (see the LICENSE.md file). If not, see
<http://creativecommons.org/publicdomain/zero/1.0/>.
-->
<screen xmlns:xsi="http://www.w3.org/2001/XMLSchema-instance"
        xsi:noNamespaceSchemaLocation="http://moqui.org/xsd/xml-screen-2.1.xsd"
        default-menu-title="Content" default-menu-index="4">
    
    <parameter name="exampleId" required="true"/>

    <transition name="createExampleContent"><service-call name="create#moqui.example.ExampleContent"/>
        <default-response url="."/></transition>
    <transition name="updateExampleContent"><service-call name="update#moqui.example.ExampleContent"/>
        <default-response url="."/></transition>
    <transition name="deleteExampleContent"><service-call name="delete#moqui.example.ExampleContent"/>
        <default-response url="."/></transition>

    <transition name="uploadExampleContent">
        <actions><script><![CDATA[
            import org.moqui.resource.ResourceReference
            org.moqui.context.ExecutionContext ec = context.ec

            org.apache.commons.fileupload.FileItem contentFile = context.contentFile
            String fileName = contentFile.getName()
            ec.logger.info("Uploading file [${fileName}] for Example [${exampleId}] in repository [${repositoryName}] with purpose [${purposeEnumId}] and locale [${locale}]")

            // String contentLocation = "content://${repositoryName}/moqui/example/${exampleId}/${fileName}"
            String contentLocation = "dbresource://moqui/example/${exampleId}/${fileName}"
            ResourceReference newRr = ec.resource.getLocationReference(contentLocation)
            InputStream fileStream = contentFile.getInputStream()
            newRr.putStream(fileStream)
            fileStream.close()

            ec.service.sync().name("create", "ExampleContent").parameters([exampleId: exampleId,
                    contentLocation: contentLocation, purposeEnumId: purposeEnumId, locale: locale]).call()
            ]]></script></actions>
        <default-response url="."/>
    </transition>
    <transition name="downloadContent" read-only="true">
        <actions>
            <entity-find-one entity-name="ExampleContent" value-field="exampleContent"/>
            <script>ec.web.sendResourceResponse(exampleContent.contentLocation)</script>
        </actions>
        <default-response type="none"/>
    </transition>

    <actions>
        <entity-find entity-name="ExampleContent" list="exampleContentList">
            <econdition field-name="exampleId" from="exampleId"/>
            <order-by field-name="contentLocation"/>
        </entity-find>
    </actions>
    <widgets>
        <container>
            <container-dialog id="AddContentDialog" button-text="Add Content">
                <form-single name="AddExampleContent" transition="createExampleContent">
                    <auto-fields-service service-name="create#moqui.example.ExampleContent"/>
                    <field name="exampleId"><default-field><hidden/></default-field></field>
                    <field name="contentLocation"><default-field><text-line size="60"/></default-field></field>
                    <field name="purposeEnumId"><default-field title="Purpose">
                        <drop-down><entity-options><entity-find entity-name="moqui.basic.Enumeration">
                            <econdition field-name="enumTypeId" value="ExampleContentPurpose"/>
                            <order-by field-name="description"/>
                        </entity-find></entity-options></drop-down>
                    </default-field></field>
                    <field name="locale"><default-field><text-line size="6"/></default-field></field>
                    <field name="submitButton"><default-field title="Add"><submit confirmation="Really Add?"/></default-field></field>
                </form-single>
            </container-dialog>
            <container-dialog id="UploadContentDialog" button-text="Upload Content">
                <form-single name="UploadExampleContent" transition="uploadExampleContent">
                    <field name="exampleId"><default-field><hidden/></default-field></field>
                    <field name="contentFile"><default-field><file/></default-field></field>
                    <!-- <field name="repositoryName"><default-field><text-line size="20" default-value="main"/></default-field></field> -->
                    <field name="purposeEnumId"><default-field title="Purpose">
                        <drop-down><entity-options><entity-find entity-name="moqui.basic.Enumeration">
                            <econdition field-name="enumTypeId" value="ExampleContentPurpose"/>
                            <order-by field-name="description"/>
                        </entity-find></entity-options></drop-down>
                    </default-field></field>
                    <field name="locale"><default-field><text-line size="6"/></default-field></field>
                    <field name="submitButton"><default-field title="Add"><submit confirmation="Really Add?"/></default-field></field>
                </form-single>
            </container-dialog>
        </container>

        <form-list name="ListExampleContent" transition="updateExampleContent" list="exampleContentList">
            <field name="download"><default-field>
                <link url="downloadContent" text="Download" parameter-map="[exampleId:exampleId, contentLocation:contentLocation]"/>
            </default-field></field>
            <field name="exampleId"><default-field><hidden/></default-field></field>
            <field name="contentLocation"><default-field title="Location"><display/></default-field></field>
            <field name="purposeEnumId"><default-field title="Purpose">
                <drop-down><entity-options><entity-find entity-name="moqui.basic.Enumeration">
                    <econdition field-name="enumTypeId" value="ExampleContentPurpose"/>
                    <order-by field-name="description"/>
                </entity-find></entity-options></drop-down>
            </default-field></field>
            <field name="locale"><default-field><text-line size="6"/></default-field></field>
            <field name="submitButton"><default-field title="Update"><submit/></default-field></field>
            <field name="deleteLink">
                <default-field title=" ">
                    <!-- the parameters for this will be auto-mapped: exampleId, contentLocation -->
                    <link url="deleteExampleContent" text="Delete" confirmation="Really Delete?"/>
                </default-field>
            </field>
        </form-list>
    </widgets>
</screen>
