<?xml version="1.0" encoding="UTF-8"?>
<!--
This software is in the public domain under CC0 1.0 Universal plus a 
Grant of Patent License.

To the extent possible under law, the author(s) have dedicated all
copyright and related and neighboring rights to this software to the
public domain worldwide. This software is distributed without any
warranty.

You should have received a copy of the CC0 Public Domain Dedication
along with this software (see the LICENSE.md file). If not, see
<http://creativecommons.org/publicdomain/zero/1.0/>.
-->
<screen xmlns:xsi="http://www.w3.org/2001/XMLSchema-instance"
        xsi:noNamespaceSchemaLocation="http://moqui.org/xsd/xml-screen-2.1.xsd"
        default-menu-title="Features" default-menu-index="3">
    
    <parameter name="exampleId" required="true"/>

    <transition name="editExampleFeature"><default-response url="../../Feature/EditExampleFeature"/></transition>
    <transition name="createExampleFeatureAppl"><service-call name="moqui.example.ExampleServices.create#ExampleFeatureAppl"/>
        <default-response url="."/></transition>
    <transition name="updateExampleFeatureAppl"><service-call name="update#moqui.example.ExampleFeatureAppl"/>
        <default-response url="."/></transition>
    <transition name="deleteExampleFeatureAppl"><service-call name="delete#moqui.example.ExampleFeatureAppl"/>
        <default-response url="."/></transition>

    <actions>
        <entity-find entity-name="moqui.example.ExampleFeatureAppl" list="exampleFeatureApplList">
            <econdition field-name="exampleId" from="exampleId"/>
            <order-by field-name="sequenceNum"/>
        </entity-find>
        <!-- for pagination testing of a complex scenario: cached, with search-form-inputs and a date-filter:
        <entity-find entity-name="ExampleFeatureAppl" list="exampleFeatureApplList" cache="true">
            <search-form-inputs/>
            <date-filter/>
            <econdition field-name="exampleId" from="exampleId"/>
            <order-by field-name="sequenceNum"/>
        </entity-find>
        -->

        <entity-find entity-name="moqui.basic.Enumeration" list="exampleFeatureApplEnumList">
            <econdition field-name="enumTypeId" value="ExampleFeatureAppl"/>
            <order-by field-name="description"/>
        </entity-find>

        <entity-find entity-name="ExampleFeature" list="allExampleFeatureList">
            <order-by field-name="description"/>
        </entity-find>
    </actions>
    <widgets>
        <!-- for pagination testing: <label text="PageRangeHigh = ${exampleFeatureApplListPageRangeHigh}, PageRangeLow=${exampleFeatureApplListPageRangeLow}, PageMaxIndex=${exampleFeatureApplListPageMaxIndex}, Count=${exampleFeatureApplListCount}, size=${exampleFeatureApplList.size()}, where=${exampleFeatureApplList_xafind.getWhereEntityCondition()}"/> -->
        <form-list name="ListExampleFeatureAppls" transition="updateExampleFeatureAppl" list="exampleFeatureApplList" paginate="true">
            <auto-fields-service service-name="update#moqui.example.ExampleFeatureAppl"/>
            <field name="exampleId"><default-field><hidden/></default-field></field>
            <field name="exampleFeatureId">
                <default-field title="Feature">
                    <display-entity entity-name="ExampleFeature" text="${description}"/>
                    <!-- no need for explicit parameter sub-element because the target screen has it declared as a parameter -->
                    <link url="editExampleFeature" text="${exampleFeatureId}"/>
                </default-field>
            </field>
            <field name="fromDate"><default-field><display/></default-field></field>
            <field name="exampleFeatureApplEnumId">
                <default-field title="Type">
                    <drop-down allow-empty="false">
                        <list-options list="exampleFeatureApplEnumList" text="${description}"/>
                    </drop-down>
                </default-field>
            </field>
            <field name="submitButton"><default-field title="Update"><submit/></default-field></field>
            <field name="deleteLink">
                <default-field title="Delete">
                    <!-- no need to specify parameters for this link since the local env names match the parameter
                    names and will be auto-mapped (exampleId, exampleFeatureId, fromDate) -->
                    <link url="deleteExampleFeatureAppl" text="Delete"/>
                </default-field>
            </field>
        </form-list>

        <form-single name="AddExampleFeatureAppl" transition="createExampleFeatureAppl">
            <auto-fields-service service-name="create#moqui.example.ExampleFeatureAppl"/>
            <field name="exampleId"><default-field><hidden/></default-field></field>

            <field name="exampleFeatureId">
                <default-field title="Feature">
                    <drop-down allow-empty="false" combo-box="true">
                        <list-options list="allExampleFeatureList" text="${description} [${exampleFeatureId}]"/>
                    </drop-down>
                </default-field>
                <!-- support this sooner or later: <default-field title="Feature"><lookup target-screen="/ExampleApp/LookupExampleFeature"/></default-field> -->
            </field>
            <field name="exampleFeatureApplEnumId">
                <default-field title="Type">
                    <drop-down allow-empty="false">
                        <list-options list="exampleFeatureApplEnumList" text="${description}"/>
                    </drop-down>
                </default-field>
            </field>
            <field name="submitButton"><default-field title="Add"><submit/></default-field></field>
        </form-single>
    </widgets>
</screen>
