<?xml version="1.0" encoding="UTF-8"?>
<!--
This software is in the public domain under CC0 1.0 Universal plus a 
Grant of Patent License.

To the extent possible under law, the author(s) have dedicated all
copyright and related and neighboring rights to this software to the
public domain worldwide. This software is distributed without any
warranty.

You should have received a copy of the CC0 Public Domain Dedication
along with this software (see the LICENSE.md file). If not, see
<http://creativecommons.org/publicdomain/zero/1.0/>.
-->
<screen xmlns:xsi="http://www.w3.org/2001/XMLSchema-instance" xsi:noNamespaceSchemaLocation="http://moqui.org/xsd/xml-screen-2.1.xsd"
        default-menu-include="false">

    <transition name="findExample"><default-response url="."/></transition>
    <transition name="editExample"><default-response url="../EditExample"/></transition>
    <transition name="createExample"><service-call name="moqui.example.ExampleServices.createExample"/>
        <default-response url="../EditExample"/></transition>

    <transition name="getExampleTypeEnumList">
        <actions>
            <log level="warn" message="In getExampleTypeEnumList transition statusId=${statusId}"/>
            <entity-find entity-name="moqui.basic.Enumeration" list="exampleTypeEnumList">
                <econdition field-name="enumTypeId" value="ExampleType"/>
                <order-by field-name="description"/>
            </entity-find>
            <script>ec.web.sendJsonResponse(exampleTypeEnumList)</script>
        </actions>
        <default-response type="none"/>
    </transition>

    <pre-actions>
        <set field="html_title" value="Find Example"/>
        <set field="html_description" value="A page for finding Examples"/>
        <set field="html_keywords" value="moqui,find,example,status,edit,new"/>
    </pre-actions>
    
    <actions>
        <entity-find entity-name="moqui.example.Example" list="exampleList">
            <search-form-inputs default-order-by="^exampleName"/></entity-find>

        <entity-find entity-name="ExampleStatusItem" list="exampleStatusItemList"/>
    </actions>
    <widgets>
        <container-box><box-header><label text="Find Examples" type="h5"/></box-header><box-toolbar>
            <container-dialog id="CreateExampleDialog" button-text="Create Example">
                <form-single name="CreateExample" transition="createExample" focus-field="exampleName">
                    <field name="statusId">
                        <default-field title="Status" tooltip="The status of the example">
                            <drop-down allow-empty="false">
                                <list-options list="exampleStatusItemList" text="${description}"/>
                            </drop-down>
                        </default-field>
                    </field>
                    <field name="exampleTypeEnumId">
                        <default-field title="Type" tooltip="Type of example">
                            <drop-down allow-empty="false">
                                <!-- This is obviously more efficient and easier done this way, but for purposes of an example this list is
                                    retrieved after load through an AJAX call to the getExampleTypeEnumList transition defined above. -->
                                <dynamic-options transition="getExampleTypeEnumList" value-field="enumId" label-field="description">
                                    <!-- this type drop-down doesn't change based on the statusId drop-down, but included here as an example of dependence on another field -->
                                    <depends-on field="statusId"/>
                                </dynamic-options>
                            </drop-down>
                        </default-field>
                    </field>
                    <field name="exampleName"><default-field tooltip="The name of the example"><text-line/></default-field></field>
                    <field name="submitButton"><default-field title="Create"><submit/></default-field></field>
                </form-single>
            </container-dialog>
        </box-toolbar><box-body>
            <form-list name="ListExamples" list="exampleList" skip-form="true" header-dialog="true" select-columns="true"
                       show-csv-button="true" show-text-button="true" show-pdf-button="true">
                <field name="exampleId" print-width="10" print-width-type="characters">
                    <header-field><text-find hide-options="true"/></header-field>
                    <default-field>
                        <!-- this link will pass an exampleId param, as defined on the EditExample screen as an incoming parameter -->
                        <link url="editExample" text="${exampleId}" link-type="anchor"/>
                    </default-field>
                </field>
                <field name="exampleName" print-width="40">
                    <header-field title="Name" show-order-by="case-insensitive"><text-find/></header-field>
                    <default-field><link url="editExample" text="${exampleName}" link-type="anchor"/></default-field>
                </field>
                <field name="exampleTypeEnumId" print-width="30">
                    <header-field title="Type"><auto-widget-entity entity-name="moqui.example.Example" field-type="edit"/></header-field>
                    <default-field><display-entity entity-name="moqui.basic.Enumeration"/></default-field>
                </field>
                <field name="statusId" print-width="30">
                    <header-field title="Status"><drop-down allow-empty="true">
                        <list-options list="exampleStatusItemList" text="${description}"/></drop-down></header-field>
                    <default-field><display-entity entity-name="moqui.basic.StatusItem"/></default-field>
                </field>
                <field name="exampleDate" print-width="16" print-width-type="characters">
                    <header-field title="Date" show-order-by="true"><date-period/></header-field>
                    <default-field><display/></default-field>
                </field>
                <field name="description" print-width="0"><!-- print-width=0 hides the column in text/pdf output -->
                    <header-field show-order-by="case-insensitive"><text-find/></header-field>
                    <default-field><display/></default-field>
                </field>
                <field name="findButton"><header-field title=""><submit text="Find"/></header-field>
                    <default-field><ignored/></default-field></field>
            </form-list>
        </box-body></container-box>
    </widgets>
</screen>
