<?xml version="1.0" encoding="UTF-8"?>
<!--
This software is in the public domain under CC0 1.0 Universal plus a 
Grant of Patent License.

To the extent possible under law, the author(s) have dedicated all
copyright and related and neighboring rights to this software to the
public domain worldwide. This software is distributed without any
warranty.

You should have received a copy of the CC0 Public Domain Dedication
along with this software (see the LICENSE.md file). If not, see
<http://creativecommons.org/publicdomain/zero/1.0/>.
-->
<actions xmlns:xsi="http://www.w3.org/2001/XMLSchema-instance" xsi:noNamespaceSchemaLocation="http://moqui.org/xsd/xml-actions-2.1.xsd">

    <service-call name="moqui.example.ExampleServices.createExample"
                  in-map="createExampleMap" out-map="createExampleResult">
        <field-map field-name="exampleTypeId" value="CONTRIVED"/>
        <field-map field-name="exampleName" value="Test Example"/>
        <field-map field-name="statusId" value="EXST_IN_DESIGN"/>
    </service-call>

    <set field="exampleId" from="createExampleResult.exampleId"/>
    <entity-find-one entity-name="Example" value-field="example"/>

    <assert>
        <compare field="example" operator="not-empty"/>
        <compare field="example.exampleTypeId" value="CONTRIVED"/>
        <compare field="example.exampleName" value="Test Example"/>
        <compare field="example.statusId" value="EXST_IN_DESIGN"/>
    </assert>
    <check-errors/>
</actions>
