<?xml version="1.0" encoding="UTF-8"?>
<!--
This software is in the public domain under CC0 1.0 Universal plus a 
Grant of Patent License.

To the extent possible under law, the author(s) have dedicated all
copyright and related and neighboring rights to this software to the
public domain worldwide. This software is distributed without any
warranty.

You should have received a copy of the CC0 Public Domain Dedication
along with this software (see the LICENSE.md file). If not, see
<http://creativecommons.org/publicdomain/zero/1.0/>.
-->
<screen xmlns:xsi="http://www.w3.org/2001/XMLSchema-instance"
        xsi:noNamespaceSchemaLocation="http://moqui.org/xsd/xml-screen-2.1.xsd"
        default-menu-title="Entity Fields" default-menu-index="2">

    <transition name="createLocalizedEntityField">
        <service-call name="create#moqui.basic.LocalizedEntityField"/>
        <default-response url="."/>
    </transition>
    <transition name="updateLocalizedEntityField">
        <service-call name="update#moqui.basic.LocalizedEntityField" multi="true"/>
        <default-response url="."/>
    </transition>
    <transition name="deleteLocalizedEntityField">
        <service-call name="delete#moqui.basic.LocalizedEntityField"/>
        <default-response url="."/>
    </transition>

    <actions>
        <entity-find entity-name="moqui.basic.LocalizedEntityField" list="localizedEntityFieldList">
            <search-form-inputs default-order-by="entityName,fieldName,locale"/></entity-find>
    </actions>
    <widgets>
        <container>
            <container-dialog id="CreateEntityFieldDialog" button-text="New Field L10n">
                <form-single name="CreateLocalizedEntityField" transition="createLocalizedEntityField">
                    <field name="entityName"><default-field><text-line size="80"/></default-field></field>
                    <field name="fieldName"><default-field><text-line size="30"/></default-field></field>
                    <field name="pkValue"><default-field><text-line size="20"/></default-field></field>
                    <field name="locale"><default-field><text-line size="5"/></default-field></field>
                    <field name="localized"><default-field><text-area rows="5" cols="80"/></default-field></field>
                    <field name="submitButton"><default-field title="Create"><submit/></default-field></field>
                </form-single>
            </container-dialog>
        </container>
        <form-list name="UpdateLocalizedEntityFields" list="localizedEntityFieldList"
                   transition="updateLocalizedEntityField" multi="true">
            <field name="entityName">
                <header-field show-order-by="true"><text-find hide-options="true" size="12"/></header-field>
                <default-field><display/></default-field>
            </field>
            <field name="fieldName">
                <header-field show-order-by="true"><text-find hide-options="true" size="12"/></header-field>
                <default-field><display/></default-field>
            </field>
            <field name="pkValue">
                <header-field show-order-by="true"><text-find hide-options="true" size="12"/></header-field>
                <default-field><display/></default-field>
            </field>
            <field name="locale">
                <header-field show-order-by="true"><text-find hide-options="true" size="4"/></header-field>
                <default-field><display/></default-field>
            </field>
            <field name="localized"><default-field><text-area rows="2" cols="35"/></default-field></field>
            <field name="update"><default-field title="Update"><submit/></default-field></field>
            <field name="delete">
                <header-field title="Find"><submit/></header-field>
                <default-field>
                    <link text="Delete" url="deleteLocalizedEntityField"><parameter name="entityName"/>
                        <parameter name="fieldName"/><parameter name="locale"/></link>
                </default-field>
            </field>
        </form-list>
    </widgets>
</screen>
