<?xml version="1.0" encoding="UTF-8"?>
<!--
This software is in the public domain under CC0 1.0 Universal plus a 
Grant of Patent License.

To the extent possible under law, the author(s) have dedicated all
copyright and related and neighboring rights to this software to the
public domain worldwide. This software is distributed without any
warranty.

You should have received a copy of the CC0 Public Domain Dedication
along with this software (see the LICENSE.md file). If not, see
<http://creativecommons.org/publicdomain/zero/1.0/>.
-->
<screen xmlns:xsi="http://www.w3.org/2001/XMLSchema-instance"
        xsi:noNamespaceSchemaLocation="http://moqui.org/xsd/xml-screen-2.1.xsd"
        default-menu-title="Users" default-menu-index="3">

    <parameter name="partyId" required="true"/>

    <transition name="addRelationship">
        <service-call name="create#mantle.party.PartyRelationship" in-map="context"/>
        <default-response url="."/>
    </transition>
    <transition name="updateRelationship">
        <service-call name="update#mantle.party.PartyRelationship" in-map="context"/>
        <default-response url="."/>
    </transition>
    <transition name="editUser"><default-response url="../../User/EditUser"/></transition>

    <transition name="getPersonList">
        <actions>
            <entity-find entity-name="mantle.party.PersonAndUserAccount" list="pauList" limit="20">
                <econditions combine="or">
                    <econdition field-name="firstName" operator="like" value="%${term}%" ignore-case="true"/>
                    <econdition field-name="lastName" operator="like" value="%${term}%" ignore-case="true"/>
                    <econdition field-name="username" operator="like" value="%${term}%" ignore-case="true"/>
                </econditions>
                <order-by field-name="^firstName"/><order-by field-name="^lastName"/><order-by field-name="^username"/>
            </entity-find>
            <script>
                def outList = []
                for (def pau in pauList)
                    outList.add([value:pau.partyId, label:"${pau.firstName} ${pau.lastName} (${pau.username?:'No username'})".toString()])
                ec.web.sendJsonResponse(outList)
            </script>
        </actions>
        <default-response type="none"/>
    </transition>

    <actions>
        <set field="clientPartyId" from="partyId"/><!-- set this for the user rel update form since it gets a partyId in each Map in the list -->
        <entity-find entity-name="mantle.party.PartyFromAndRelationship" list="pfarList">
            <econdition field-name="toPartyId" from="partyId"/>
        </entity-find>
    </actions>
    <widgets>
        <container-dialog id="AddUserRelationshipDialog" button-text="Add User Agent">
            <form-single name="AddUserRelationshipForm" transition="addRelationship">
                <field name="partyId"><default-field><hidden/></default-field></field>
                <field name="toPartyId" from="partyId"><default-field><hidden/></default-field></field>
                <field name="toRoleTypeId"><default-field><hidden default-value="Customer"/></default-field></field>
                <field name="relationshipTypeEnumId"><default-field><hidden default-value="PrtAgent"/></default-field></field>

                <field name="fromPartyId"><default-field title="Person">
                    <text-line ac-transition="getPersonList" ac-min-length="2" size="15"/>
                </default-field></field>
                <field name="fromRoleTypeId"><default-field title="Role">
                    <drop-down>
                        <entity-options key="${roleTypeId}" text="${description}">
                            <entity-find entity-name="mantle.party.RoleGroupMemberAndType" cache="true">
                                <econdition field-name="roleGroupEnumId" value="RgpProjectClient"/>
                                <order-by field-name="description"/></entity-find></entity-options>
                    </drop-down>
                </default-field></field>

                <field name="fromDate" from="ec.user.nowTimestamp"><default-field><date-time/></default-field></field>
                <field name="thruDate"><default-field><date-time/></default-field></field>
                <field name="submitButton"><default-field title="Add Assignment"><submit/></default-field></field>
            </form-single>
        </container-dialog>

        <form-list name="UpdateUserRelForm" list="pfarList" transition="updateRelationship">
            <field name="partyId" from="clientPartyId"><default-field><hidden/></default-field></field>
            <field name="partyRelationshipId"><default-field><hidden/></default-field></field>
            <field name="firstName"><header-field title="First##Name" show-order-by="case-insensitive"/><default-field>
                <link url="editUser" text="${firstName}" link-type="anchor">
                    <parameter name="partyId" from="fromPartyId"/></link>
            </default-field></field>
            <field name="lastName"><header-field title="Last##Name" show-order-by="case-insensitive"/><default-field>
                <link url="editUser" text="${lastName}" link-type="anchor">
                    <parameter name="partyId" from="fromPartyId"/></link>
            </default-field></field>
            <field name="fromRoleTypeId"><header-field title="Role" show-order-by="true"/><default-field>
                <drop-down>
                    <entity-options key="${roleTypeId}" text="${description}">
                        <entity-find entity-name="mantle.party.RoleGroupMemberAndType" cache="true">
                            <econdition field-name="roleGroupEnumId" value="RgpProjectClient"/>
                            <order-by field-name="description"/></entity-find></entity-options>
                </drop-down>
                <!-- <display-entity entity-name="RoleType" text="${description}"/> -->
            </default-field></field>
            <field name="fromDate"><header-field show-order-by="true"/><default-field><display/></default-field></field>
            <field name="thruDate"><header-field show-order-by="true"/><default-field><date-time/></default-field></field>
            <field name="submitButton"><default-field title="Update"><submit/></default-field></field>
        </form-list>
    </widgets>
</screen>
