<?xml version="1.0" encoding="UTF-8"?>
<!--
This software is in the public domain under CC0 1.0 Universal plus a 
Grant of Patent License.

To the extent possible under law, the author(s) have dedicated all
copyright and related and neighboring rights to this software to the
public domain worldwide. This software is distributed without any
warranty.

You should have received a copy of the CC0 Public Domain Dedication
along with this software (see the LICENSE.md file). If not, see
<http://creativecommons.org/publicdomain/zero/1.0/>.
-->
<screen xmlns:xsi="http://www.w3.org/2001/XMLSchema-instance"
        xsi:noNamespaceSchemaLocation="http://moqui.org/xsd/xml-screen-2.1.xsd"
        default-menu-title="Client" default-menu-index="1">

    <parameter name="partyId" required="true"/>

    <transition name="updateParty"><service-call name="mantle.party.PartyServices.update#PartyDetail"/>
        <default-response url="."/></transition>
    <transition name="storeContactInfo"><service-call name="mantle.party.ContactServices.store#PartyContactInfo"/>
        <default-response url="."/></transition>
    <transition-include name="getGeoCountryStates" location="component://SimpleScreens/template/party/PartyForms.xml"/>

    <transition name="addPartyRole"><service-call name="create#mantle.party.PartyRole"/>
        <default-response url="."/></transition>

    <transition name="editUser"><default-response url="../../User/EditUser"/></transition>
    <transition name="setClientRep">
        <actions>
            <entity-find entity-name="mantle.party.PartyRelationship" list="existingRepRelList">
                <date-filter/>
                <econdition-object field="[relationshipTypeEnumId:'PrtRepresentative', toPartyId:partyId]"/>
            </entity-find>
            <iterate list="existingRepRelList" entry="existingRepRel">
                <set field="existingRepRel.thruDate" from="ec.user.nowTimestamp"/>
                <entity-update value-field="existingRepRel"/>
            </iterate>
            <service-call name="create#mantle.party.PartyRelationship"
                    in-map="[relationshipTypeEnumId:'PrtRepresentative', fromPartyId:repPartyId, fromRoleTypeId:'ClientBilling',
                        toPartyId:partyId, toRoleTypeId:'Customer', fromDate:ec.user.nowTimestamp]"/>
        </actions>
        <default-response url="."/>
    </transition>
    <transition name="getPersonList">
        <actions>
            <entity-find entity-name="mantle.party.PersonAndUserAccount" list="pauList" limit="20">
                <econditions combine="or">
                    <econdition field-name="firstName" operator="like" value="%${term}%" ignore-case="true"/>
                    <econdition field-name="lastName" operator="like" value="%${term}%" ignore-case="true"/>
                    <econdition field-name="username" operator="like" value="%${term}%" ignore-case="true"/>
                </econditions>
                <order-by field-name="^firstName"/><order-by field-name="^lastName"/><order-by field-name="^username"/>
            </entity-find>
            <script>
                def outList = []
                for (def pau in pauList)
                    outList.add([value:pau.partyId, label:"${pau.firstName} ${pau.lastName} (${pau.username})".toString()])
                ec.web.sendJsonResponse(outList)
            </script>
        </actions>
        <default-response type="none"/>
    </transition>

    <actions>
        <entity-find-one entity-name="mantle.party.PartyDetail" value-field="partyDetail"/>

        <service-call name="mantle.party.ContactServices.get#PartyContactInfo" out-map="paymentContactInfo"
                in-map="[partyId:partyId, postalContactMechPurposeId:'PostalPayment',
                    telecomContactMechPurposeId:'PhonePayment', emailContactMechPurposeId:'EmailPayment']"/>
        <set field="paymentInfoFlat" from="flattenNestedMap(paymentContactInfo)"/>
        <service-call name="mantle.party.ContactServices.get#PartyContactInfo" out-map="billingContactInfo"
                in-map="[partyId:partyId, postalContactMechPurposeId:'PostalBilling',
                    telecomContactMechPurposeId:'PhoneBilling', emailContactMechPurposeId:'EmailBilling']"/>
        <set field="billingInfoFlat" from="flattenNestedMap(billingContactInfo)"/>

        <entity-find entity-name="mantle.party.PartyRole" list="partyRoleList">
            <econdition field-name="partyId"/><order-by field-name="roleTypeId"/>
        </entity-find>
        <entity-find-one entity-name="mantle.party.PartyRole" value-field="vendorRoleType">
            <field-map field-name="partyId"/><field-map field-name="roleTypeId" value="Vendor"/>
        </entity-find-one>
        <entity-find-one entity-name="mantle.party.PartyRole" value-field="internalRoleType">
            <field-map field-name="partyId"/><field-map field-name="roleTypeId" value="OrgInternal"/>
        </entity-find-one>

        <entity-find entity-name="mantle.party.PartyRelationship" list="repRelationshipList">
            <econdition-object field="[relationshipTypeEnumId:'PrtRepresentative', toPartyId:partyId]"/>
            <order-by field-name="-fromDate"/>
        </entity-find>
        <entity-find-one entity-name="mantle.party.Person" value-field="repPerson">
            <field-map field-name="partyId" from="repRelationshipList?.getAt(0)?.fromPartyId"/>
        </entity-find-one>
    </actions>
    <widgets>
        <container-panel id="ClientInfoContainer">
            <panel-left size="300">
                <label text="Billing Information" type="h2"/>
                <label text="Where invoices are sent (Accounts Payable)" type="p"/>
                <container-dialog id="BillingInfoEdit" button-text="Edit Billing Info" width="800">
                    <form-single name="BillingInfo" transition="storeContactInfo" map="billingInfoFlat"
                            extends="component://SimpleScreens/template/party/PartyForms.xml#ContactInfo"/>
                </container-dialog>
                <section name="BillingContactInfo">
                    <actions><set field="contactInfo" from="billingContactInfo"/></actions>
                    <widgets><render-mode><text type="html" location="component://SimpleScreens/template/party/ContactInfo.html.gstring"/></render-mode></widgets>
                </section>

                <form-single name="SetClientRepForm" transition="setClientRep">
                    <field name="partyId"><default-field><hidden/></default-field></field>
                    <field name="currentRep"><default-field title="Current Rep">
                        <link text="${repPerson ? repPerson.firstName + ' ' + repPerson.lastName : ''}" url="editUser"
                                parameter-map="[partyId:repPerson?.partyId]"/>
                    </default-field></field>
                    <field name="repPartyId"><default-field title="New Rep User">
                        <text-line ac-transition="getPersonList" ac-min-length="2" size="15"/>
                    </default-field></field>
                    <field name="submitButton"><default-field title="Set Client (AP) Representative"><submit/></default-field></field>
                </form-single>

                <label text="Payment Information" type="h2"/>
                <label text="Where payments are sent (Accounts Receivable)" type="p"/>
                <container-dialog id="PaymentInfoEdit" button-text="Edit Payment Info" width="800">
                    <form-single name="PaymentInfo" transition="storeContactInfo" map="paymentInfoFlat"
                            extends="component://SimpleScreens/template/party/PartyForms.xml#ContactInfo"/>
                </container-dialog>
                <section name="PaymentContactInfo">
                    <actions><set field="contactInfo" from="paymentContactInfo"/></actions>
                    <widgets><render-mode><text type="html" location="component://SimpleScreens/template/party/ContactInfo.html.gstring"/></render-mode></widgets>
                </section>
            </panel-left>
            <panel-center>
                <form-single name="EditParty" transition="updateParty" map="partyDetail">
                    <field name="partyId"><default-field><hidden/></default-field></field>
                    <field name="organizationName"><default-field><text-line size="60"/></default-field></field>

                    <field name="disabled"><default-field><drop-down no-current-selected-key="N" current="selected">
                        <option key="N"/><option key="Y"/></drop-down></default-field></field>

                    <field name="submitButton"><default-field title="Update"><submit/></default-field></field>
                </form-single>

                <form-list name="RoleList" skip-form="true" list="partyRoleList">
                    <field name="roleTypeId"><default-field title="Role">
                        <display-entity entity-name="mantle.party.RoleType" text="${description}"/>
                    </default-field></field>
                </form-list>
                <section name="VendorSection"><condition><expression>!vendorRoleType</expression></condition><widgets>
                    <link url="addPartyRole" url-type="transition" link-type="hidden-form" text="Make Vendor"
                            confirmation="Are you sure you want to make this party a Vendor?">
                        <parameter name="partyId"/><parameter name="roleTypeId" value="Vendor"/>
                    </link>
                </widgets></section>
                <section name="InternalSection"><condition><expression>!internalRoleType</expression></condition><widgets>
                    <link url="addPartyRole" url-type="transition" link-type="hidden-form" text="Make Internal Org"
                            confirmation="Are you sure you want to make this party an Internal Organization?">
                        <parameter name="partyId"/><parameter name="roleTypeId" value="OrgInternal"/>
                    </link>
                </widgets></section>
            </panel-center>
        </container-panel>
    </widgets>
</screen>
