<?xml version="1.0" encoding="UTF-8"?>
<!--
This software is in the public domain under CC0 1.0 Universal plus a 
Grant of Patent License.

To the extent possible under law, the author(s) have dedicated all
copyright and related and neighboring rights to this software to the
public domain worldwide. This software is distributed without any
warranty.

You should have received a copy of the CC0 Public Domain Dedication
along with this software (see the LICENSE.md file). If not, see
<http://creativecommons.org/publicdomain/zero/1.0/>.
-->
<screen xmlns:xsi="http://www.w3.org/2001/XMLSchema-instance"
        xsi:noNamespaceSchemaLocation="http://moqui.org/xsd/xml-screen-2.1.xsd"
        default-menu-title="Projects" default-menu-index="2">

    <parameter name="partyId" required="true"/>

    <transition name="createProject">
        <service-call name="mantle.work.ProjectServices.create#Project" in-map="context"/>
        <default-response url="."/>
    </transition>
    <transition name="updateClientProject">
        <service-call name="update#WorkEffortParty" in-map="context"/>
        <default-response url="."/>
    </transition>
    <transition name="editProject"><default-response url="../../Project/EditProject"/></transition>

    <actions>
        <entity-find entity-name="WorkEffortAndParty" list="weapList">
            <econdition field-name="partyId"/>
            <econdition field-name="workEffortTypeEnumId" value="WetProject"/>
        </entity-find>
    </actions>
    <widgets>
        <container-dialog id="NewProjectContainer" button-text="New Project">
            <form-single name="NewProject" transition="createProject">
                <field name="partyId"><default-field><hidden/></default-field></field>
                <field name="workEffortId"><default-field title="ID"><text-line size="8" maxlength="8"/></default-field></field>
                <field name="workEffortName"><default-field title="Project Name"><text-line/></default-field></field>
                <field name="clientPartyId" from="partyId"><default-field><hidden/></default-field></field>
                <field name="vendorPartyId"><default-field title="Vendor">
                    <drop-down allow-empty="true">
                        <entity-options key="${partyId}" text="${organizationName?:''} ${firstName?:''} ${lastName?:''}">
                            <entity-find entity-name="mantle.party.PartyDetailAndRole">
                                <econdition field-name="roleTypeId" operator="in" value="Vendor,VendorBillFrom,OrgInternal"/>
                                <econdition field-name="disabled" value="N" or-null="true"/>
                                <order-by field-name="organizationName"/>
                                <order-by field-name="firstName"/><order-by field-name="lastName"/>
                            </entity-find>
                        </entity-options>
                    </drop-down>
                </default-field></field>
                <field name="submitButton"><default-field title="Create Project"><submit/></default-field></field>
            </form-single>
        </container-dialog>

        <form-list name="UpdateClientProjectForm" list="weapList" transition="updateClientProject">
            <field name="partyId"><default-field><hidden/></default-field></field>

            <field name="workEffortId"><default-field title="Project">
                <link text="${workEffortId} - ${workEffortName}" url="editProject" link-type="anchor"/>
            </default-field></field>
            <field name="roleTypeId"><header-field title="Role" show-order-by="true"/>
                <default-field><display-entity entity-name="RoleType" text="${description}"/></default-field>
            </field>

            <field name="fromDate"><header-field show-order-by="true"/><default-field><display/></default-field></field>
            <field name="thruDate"><header-field show-order-by="true"/><default-field><date-time/></default-field></field>

            <field name="submitButton"><default-field title="Update"><submit/></default-field></field>
        </form-list>
    </widgets>
</screen>
