<?xml version="1.0" encoding="UTF-8"?>
<!--
This software is in the public domain under CC0 1.0 Universal plus a 
Grant of Patent License.

To the extent possible under law, the author(s) have dedicated all
copyright and related and neighboring rights to this software to the
public domain worldwide. This software is distributed without any
warranty.

You should have received a copy of the CC0 Public Domain Dedication
along with this software (see the LICENSE.md file). If not, see
<http://creativecommons.org/publicdomain/zero/1.0/>.
-->
<screen xmlns:xsi="http://www.w3.org/2001/XMLSchema-instance"
        xsi:noNamespaceSchemaLocation="http://moqui.org/xsd/xml-screen-2.1.xsd">

    <parameter name="systemMessageRemoteId" required="true"/>

    <transition name="updateMessageRemote"><service-call name="update#moqui.service.message.SystemMessageRemote"/>
        <default-response url="."/></transition>

    <actions>
        <entity-find-one entity-name="moqui.service.message.SystemMessageRemote" value-field="systemMessageRemote"/>
    </actions>
    <widgets>
        <form-single name="SystemMessageRemoteForm" map="systemMessageRemote" transition="updateMessageRemote">
            <field name="systemMessageRemoteId"><default-field title="Message Remote ID"><display/></default-field></field>
            <auto-fields-entity entity-name="moqui.service.message.SystemMessageRemote" field-type="edit" include="nonpk"/>
            <field name="description"><default-field><text-line size="40"/></default-field></field>
            <field name="sendUrl"><default-field><text-line size="100"/></default-field></field>
            <field name="sendServiceName"><default-field><text-line size="100"/></default-field></field>
            <field name="messageAuthEnumId"><default-field title="Message Auth">
                <widget-template-include location="component://webroot/template/screen/BasicWidgetTemplates.xml#enumDropDown">
                    <set field="enumTypeId" value="SystemMessageAuthType"/><set field="allowEmpty" value="true"/></widget-template-include>
            </default-field></field>
            <field name="sendAuthEnumId"><default-field title="Message Send Auth">
                <widget-template-include location="component://webroot/template/screen/BasicWidgetTemplates.xml#enumDropDown">
                    <set field="enumTypeId" value="SystemMessageAuthType"/><set field="allowEmpty" value="true"/></widget-template-include>
            </default-field></field>
            <field name="systemMessageTypeId"><default-field title="Message Type">
                <drop-down allow-empty="true">
                    <entity-options key="${systemMessageTypeId}" text="${description}">
                        <entity-find entity-name="moqui.service.message.SystemMessageType">
                            <order-by field-name="description"/></entity-find></entity-options>
                </drop-down>
            </default-field></field>
            <field name="segmentTerminator"><default-field><text-line size="1" maxlength="1"/></default-field></field>
            <field name="elementSeparator"><default-field><text-line size="1" maxlength="1"/></default-field></field>
            <field name="componentDelimiter"><default-field><text-line size="1" maxlength="1"/></default-field></field>
            <field name="escapeCharacter"><default-field><text-line size="1" maxlength="1"/></default-field></field>
            <field name="submitButton"><default-field title="Update"><submit/></default-field></field>
        </form-single>
    </widgets>
</screen>
