<?xml version="1.0" encoding="UTF-8"?>
<!--
This software is in the public domain under CC0 1.0 Universal plus a 
Grant of Patent License.

To the extent possible under law, the author(s) have dedicated all
copyright and related and neighboring rights to this software to the
public domain worldwide. This software is distributed without any
warranty.

You should have received a copy of the CC0 Public Domain Dedication
along with this software (see the LICENSE.md file). If not, see
<http://creativecommons.org/publicdomain/zero/1.0/>.
-->
<entities xmlns:xsi="http://www.w3.org/2001/XMLSchema-instance" xsi:noNamespaceSchemaLocation="http://moqui.org/xsd/entity-definition-2.1.xsd">

    <!-- ========================================================= -->
    <!-- example -->
    <!-- ========================================================= -->

    <!-- Example -->
    <extend-entity entity-name="Example" package="moqui.example">
        <field name="auditedField" type="text-medium" enable-audit-log="true"/>
        <field name="encryptedField" type="text-medium" encrypt="true"/>
        <field name="exampleEmail" type="text-medium"/>
        <field name="exampleUrl" type="text-medium"/>
        <!-- test replace relationship -->
        <relationship type="one" title="ExampleType" related="moqui.basic.Enumeration" short-alias="type">
            <key-map field-name="exampleTypeEnumId"/></relationship>
        <!-- test additional relationship -->
        <relationship type="one" title="Example" related="moqui.basic.StatusItem" short-alias="status"/>
    </extend-entity>
    <entity entity-name="Example" package="moqui.example" short-alias="examples">
        <field name="exampleId" type="id" is-pk="true"><description>primary sequenced ID</description></field>
        <field name="exampleTypeEnumId" type="id"/>
        <field name="statusId" type="id" enable-audit-log="true"/>
        <field name="exampleName" type="text-medium"/>
        <field name="description" type="text-medium"/>
        <field name="longDescription" type="text-very-long"/>
        <field name="comments" type="text-long"/>
        <field name="exampleSize" type="number-integer"/>
        <field name="exampleDate" type="date-time"/>
        <field name="testDate" type="date"/>
        <field name="testTime" type="time"/>
        <!-- try uncommenting these while running to see how things change
        <field name="anotherDate" type="date-time"/>
        <field name="anotherText" type="text-medium"/>
        -->
        <relationship type="one" title="ExampleType" related="moqui.basic.Enumeration" short-alias="type">
            <key-map field-name="exampleTypeEnumId"/></relationship>

        <!-- This is not generally necessary, reverse relationships are created automatically, but needed to specify
            the short-alias for use in entity REST requests and quick path look ups -->
        <relationship type="many" related="moqui.example.ExampleItem" short-alias="items" mutable="true">
            <key-map field-name="exampleId"/></relationship>
        <relationship type="many" related="moqui.example.ExampleContent" short-alias="contents" mutable="true">
            <key-map field-name="exampleId"/></relationship>
        <relationship type="many" related="moqui.example.ExampleFeatureAppl" short-alias="featureAppls" mutable="true">
            <key-map field-name="exampleId"/></relationship>

        <seed-data>
            <!-- Example Type -->
            <moqui.basic.EnumerationType description="Example Type" enumTypeId="ExampleType"/>
            <moqui.basic.Enumeration description="Real World" enumId="EXT_REAL_WORLD" enumTypeId="ExampleType"/>
            <moqui.basic.Enumeration description="Made Up" enumId="EXT_MADE_UP" enumTypeId="ExampleType"/>
            <moqui.basic.Enumeration description="Contrived" enumId="EXT_CONTRIVED" parentEnumId="EXT_MADE_UP" enumTypeId="ExampleType"/>
            <moqui.basic.Enumeration description="Inspired" enumId="EXT_INSPIRED" parentEnumId="EXT_MADE_UP" enumTypeId="ExampleType"/>

            <!-- Example Status -->
            <moqui.basic.StatusType description="Example" statusTypeId="Example"/>
            <moqui.basic.StatusItem description="In Design" sequenceNum="1" statusId="EXST_IN_DESIGN" statusTypeId="Example"/>
            <moqui.basic.StatusItem description="Defined" sequenceNum="2" statusId="EXST_DEFINED" statusTypeId="Example"/>
            <moqui.basic.StatusItem description="Approved" sequenceNum="3" statusId="EXST_APPROVED" statusTypeId="Example"/>
            <moqui.basic.StatusItem description="Implemented" sequenceNum="4" statusId="EXST_IMPLEMENTED" statusTypeId="Example"/>
            <moqui.basic.StatusItem description="Tested" sequenceNum="5" statusId="EXST_TESTED" statusTypeId="Example"/>
            <moqui.basic.StatusItem description="Complete" sequenceNum="6" statusId="EXST_COMPLETE" statusTypeId="Example"/>
            <moqui.basic.StatusItem description="Cancelled" sequenceNum="99" statusId="EXST_CANCELLED" statusTypeId="Example"/>
            <moqui.basic.StatusFlowTransition statusFlowId="Default" statusId="EXST_IN_DESIGN" toStatusId="EXST_DEFINED" transitionName="Definition Complete"/>
            <moqui.basic.StatusFlowTransition statusFlowId="Default" statusId="EXST_DEFINED" toStatusId="EXST_APPROVED" transitionName="Approve"/>
            <moqui.basic.StatusFlowTransition statusFlowId="Default" statusId="EXST_APPROVED" toStatusId="EXST_IMPLEMENTED" transitionName="Implementation Complete"/>
            <moqui.basic.StatusFlowTransition statusFlowId="Default" statusId="EXST_IMPLEMENTED" toStatusId="EXST_TESTED" transitionName="Testing Complete"/>
            <moqui.basic.StatusFlowTransition statusFlowId="Default" statusId="EXST_TESTED" toStatusId="EXST_COMPLETE" transitionName="Example Completed"/>
            <moqui.basic.StatusFlowTransition statusFlowId="Default" statusId="EXST_IN_DESIGN" toStatusId="EXST_CANCELLED" transitionName="Cancel Example"/>
            <moqui.basic.StatusFlowTransition statusFlowId="Default" statusId="EXST_DEFINED" toStatusId="EXST_CANCELLED" transitionName="Cancel Example"/>
            <moqui.basic.StatusFlowTransition statusFlowId="Default" statusId="EXST_APPROVED" toStatusId="EXST_CANCELLED" transitionName="Cancel Example"/>
            <moqui.basic.StatusFlowTransition statusFlowId="Default" statusId="EXST_IMPLEMENTED" toStatusId="EXST_CANCELLED" transitionName="Cancel Example"/>
            <moqui.basic.StatusFlowTransition statusFlowId="Default" statusId="EXST_TESTED" toStatusId="EXST_CANCELLED" transitionName="Cancel Example"/>
        </seed-data>

        <master>
            <detail relationship="type"/>
            <detail relationship="status"/>
            <detail relationship="items"/>
            <detail relationship="contents"/>
            <detail relationship="featureAppls"/>
        </master>
    </entity>
    <entity entity-name="ExampleItem" package="moqui.example" short-alias="exampleItems">
        <field name="exampleId" type="id" is-pk="true"/>
        <field name="exampleItemSeqId" type="id" is-pk="true"><description>secondary sequenced ID</description></field>
        <field name="description" type="text-medium"/>
        <field name="amount" type="number-float"/>
        <field name="amountUomId" type="id"/>
        <relationship type="one" title="Amount" related="moqui.basic.Uom">
            <key-map field-name="amountUomId"/></relationship>
        <relationship type="one" related="moqui.example.Example"/>
    </entity>
    <entity entity-name="ExampleContent" package="moqui.example">
        <field name="exampleId" type="id" is-pk="true"/>
        <field name="contentLocation" type="text-medium" is-pk="true"/>
        <field name="purposeEnumId" type="id"/>
        <field name="locale" type="text-short"/>
        <relationship type="one" title="ExampleContentPurpose" related="moqui.basic.Enumeration">
            <key-map field-name="purposeEnumId"/></relationship>
        <relationship type="one" related="moqui.example.Example"/>
        <seed-data>
            <moqui.basic.EnumerationType description="Example Content Purpose" enumTypeId="ExampleContentPurpose"/>
            <moqui.basic.Enumeration description="Sketch" enumId="EXCNTPRP_SKETCH" enumTypeId="ExampleContentPurpose"/>
            <moqui.basic.Enumeration description="Specification" enumId="EXCNTPRP_SPEC" enumTypeId="ExampleContentPurpose"/>
            <moqui.basic.Enumeration description="Requirement" enumId="EXCNTPRP_REQ" enumTypeId="ExampleContentPurpose"/>
            <moqui.basic.Enumeration description="Design" enumId="EXCNTPRP_DES" enumTypeId="ExampleContentPurpose"/>
        </seed-data>
    </entity>

    <!-- Example Feature -->
    <entity entity-name="ExampleFeature" package="moqui.example" short-alias="exampleFeatures">
        <field name="exampleFeatureId" type="id" is-pk="true"><description>primary sequenced ID</description></field>
        <field name="featureSourceEnumId" type="id"/>
        <field name="description" type="text-medium"/>
        <relationship type="one" title="ExampleFeatureSource" related="moqui.basic.Enumeration">
            <key-map field-name="featureSourceEnumId"/></relationship>
        <seed-data>
            <!-- Example Feature Source -->
            <moqui.basic.EnumerationType description="Example Feature Source" enumTypeId="ExampleFeatureSource"/>
            <moqui.basic.Enumeration description="Customer" enumId="EXFTSRC_CUSTOMER" sequenceNum="1" enumTypeId="ExampleFeatureSource"/>
            <moqui.basic.Enumeration description="Partner" enumId="EXFTSRC_PARTNER" sequenceNum="2" enumTypeId="ExampleFeatureSource"/>
            <moqui.basic.Enumeration description="Employee" enumId="EXFTSRC_EMPLOYEE" sequenceNum="3" enumTypeId="ExampleFeatureSource"/>
        </seed-data>
    </entity>
    <entity entity-name="ExampleFeatureAppl" package="moqui.example">
        <field name="exampleId" type="id" is-pk="true"/>
        <field name="exampleFeatureId" type="id" is-pk="true"/>
        <field name="fromDate" type="date-time" is-pk="true"/>
        <field name="thruDate" type="date-time"/>
        <field name="exampleFeatureApplEnumId" type="id"/>
        <field name="sequenceNum" type="number-integer"/>
        <relationship type="one" related="moqui.example.Example" short-alias="moqui.example" mutable="true"/>
        <relationship type="one" related="moqui.example.ExampleFeature" short-alias="feature" mutable="true"/>
        <relationship type="one" title="ExampleFeatureAppl" related="moqui.basic.Enumeration">
            <key-map field-name="exampleFeatureApplEnumId"/></relationship>

        <seed-data>
            <!-- Example Feature Application -->
            <moqui.basic.EnumerationType description="Example Feature Application" enumTypeId="ExampleFeatureAppl"/>
            <moqui.basic.Enumeration description="Required" enumId="EFA_REQUIRED" enumTypeId="ExampleFeatureAppl"/>
            <moqui.basic.Enumeration description="Desired" enumId="EFA_DESIRED" enumTypeId="ExampleFeatureAppl"/>
            <moqui.basic.Enumeration description="Not Allowed" enumId="EFA_NOT_ALLOWED" enumTypeId="ExampleFeatureAppl"/>
        </seed-data>
    </entity>
</entities>
