<?xml version="1.0" encoding="UTF-8"?>
<!--
This software is in the public domain under CC0 1.0 Universal plus a 
Grant of Patent License.

To the extent possible under law, the author(s) have dedicated all
copyright and related and neighboring rights to this software to the
public domain worldwide. This software is distributed without any
warranty.

You should have received a copy of the CC0 Public Domain Dedication
along with this software (see the LICENSE.md file). If not, see
<http://creativecommons.org/publicdomain/zero/1.0/>.
-->
<entities xmlns:xsi="http://www.w3.org/2001/XMLSchema-instance" xsi:noNamespaceSchemaLocation="http://moqui.org/xsd/entity-definition-2.1.xsd">

    <view-entity entity-name="ExampleStatusDetail" package="moqui.example">
        <member-entity entity-alias="EXPL" entity-name="Example"/>
        <member-entity entity-alias="EAL" entity-name="moqui.entity.EntityAuditLog" join-from-alias="EXPL">
            <key-map field-name="exampleId" related="pkPrimaryValue"/></member-entity>
        <member-entity entity-alias="STIT" entity-name="moqui.basic.StatusItem" join-from-alias="EAL">
            <key-map field-name="pkPrimaryValue" related="statusId"/></member-entity>
        <alias-all entity-alias="EXPL"><exclude field="statusId"/></alias-all>
        <alias-all entity-alias="EAL"/>
        <alias-all entity-alias="STIT"><exclude field="description"/></alias-all>
        <alias entity-alias="STIT" name="statusDescription" field="description"/>
        <alias entity-alias="EXPL" name="currentStatusId" field="statusId"/>
        <!-- TABLED not to be part of 1.0:
        <alias name="statusDelay">
            <complex-alias operator="-">
                <complex-alias-field entity-alias="EAL" field="changedDate"/>
                <complex-alias-field entity-alias="EXPL" field="exampleDate"/>
            </complex-alias>
        </alias>
        -->
        <entity-condition>
            <econdition field-name="changedEntityName" operator="equals" value="Example"/>
            <econdition field-name="changedFieldName" operator="equals" value="statusId"/>
        </entity-condition>
    </view-entity>

    <view-entity entity-name="ExampleStatusItem" package="moqui.example">
        <member-entity entity-alias="SI" entity-name="moqui.basic.StatusItem"/>
        <alias-all entity-alias="SI"/>
        <entity-condition>
            <econdition field-name="statusTypeId" operator="equals" value="Example"/>
            <order-by field-name="sequenceNum"/>
        </entity-condition>
    </view-entity>
    
    <!-- Some examples of nested views and conditions for report -->
    <view-entity entity-name="ExampleFeatureApplAndEnum" package="moqui.example">
        <member-entity entity-alias="EXFTAP" entity-name="ExampleFeatureAppl"/>
        <member-entity entity-alias="ENUM" entity-name="moqui.basic.Enumeration" join-from-alias="EXFTAP">
            <key-map field-name="exampleFeatureApplEnumId"/></member-entity>
        <alias-all entity-alias="EXFTAP"/>
        <alias-all entity-alias="ENUM"><exclude field="sequenceNum"/></alias-all>
    </view-entity>
    <!-- these still needs some work to support:
    <view-entity entity-name="ExampleFeatureAndApplAndEnum" package="moqui.example">
        <member-entity entity-alias="EXFT" entity-name="ExampleFeature"/>
        <member-entity entity-alias="EFAAE" entity-name="ExampleFeatureApplAndEnum" join-from-alias="EXFT">
            <key-map field-name="exampleFeatureId"/>
        </member-entity>
        <alias-all entity-alias="EXFT"/>
        <alias-all entity-alias="EFAAE">
            <exclude field="description"/>
        </alias-all>
        <alias name="typeDescription" entity-alias="EFAAE" field="description"/>
    </view-entity>
    <view-entity entity-name="ExampleFeatureAndApplFullView" package="moqui.example">
        <member-entity entity-alias="EX" entity-name="Example"/>
        <member-entity entity-alias="EFAAAE" entity-name="ExampleFeatureAndApplAndEnum" join-from-alias="EX">
            <key-map field-name="exampleId"/>
        </member-entity>
        <alias-all entity-alias="EX"/>
        <alias-all entity-alias="EFAAAE">
            <exclude field="description"/>
        </alias-all>
        <alias name="featureDescription" entity-alias="EFAAAE" field="description"/>
    </view-entity>
    <view-entity entity-name="ContrivedExamplesWithRequiredFeaturesReport" package="moqui.example">
        <member-entity entity-alias="EFAAFV" entity-name="ExampleFeatureAndApplFullView"/>
        <alias-all entity-alias="EFAAFV"/>
        <entity-condition>
            <econditions combine="and">
                <econdition field-name="exampleTypeId" value="CONTRIVED"/>
                <econdition field-name="exampleFeatureApplEnumId" value="REQUIRED"/>
            </econditions>
            <order-by field-name="exampleName"/>
        </entity-condition>
    </view-entity>
    -->

    <!-- example for nested view-entity with conditions on nested views -->
    <!-- this still needs some work to support:
    <view-entity entity-name="ExampleFeatureApplAndTypeDesired" package="moqui.example">
        <member-entity entity-alias="EXFTAP" entity-name="ExampleFeatureAppl"/>
        <member-entity entity-alias="ENUM" entity-name="moqui.basic.Enumeration" join-from-alias="EXFTAP">
            <key-map field-name="exampleFeatureApplEnumId" related="enumId"/>
            <entity-condition>
                <econdition field-name="exampleFeatureApplEnumId" value="DESIRED"/>
            </entity-condition>
        </member-entity>
        <alias-all entity-alias="EXFTAP"/>
        <alias-all entity-alias="ENUM">
            <exclude field="description"/>
        </alias-all>
        <alias name="enumSequenceNum" entity-alias="ENUM" field="sequenceNum"/>
        <alias name="testComplexAlias">
            <complex-alias operator="+">
                <complex-alias-field entity-alias="ENUM" field="sequenceNum"/>
                <complex-alias-field entity-alias="EXFTAP" field="sequenceNum"/>
            </complex-alias>
        </alias>
        <alias name="typeDescription" entity-alias="ENUM" field="description"/>
    </view-entity>
    <view-entity entity-name="AllExamplesWithDesiredCustomerFeaturesReport" package="moqui.example">
        <member-entity entity-alias="EFAATD" entity-name="ExampleFeatureApplAndTypeDesired"/>
        <member-entity entity-alias="EXFT" entity-name="ExampleFeature" join-from-alias="EFAATD">
            <key-map field-name="exampleFeatureId"/>
        </member-entity>
        <member-entity entity-alias="EX" entity-name="Example" join-from-alias="EFAATD">
            <key-map field-name="exampleId"/>
        </member-entity>
        <alias-all entity-alias="EFAATD"/>
        <alias-all entity-alias="EXFT">
            <exclude field="description"/>
        </alias-all>
        <alias-all entity-alias="EX"/>
        <alias name="featureDescription" entity-alias="EXFT" field="description"/>
        <entity-condition>
            <econdition field-name="featureSourceEnumId" value="EXFTSRC_CUSTOMER"/>
            <order-by field-name="exampleName"/>
        </entity-condition>
    </view-entity>
    -->
</entities>
