<addons default-repository="github">
    <!--
    ========== MODIFYING THIS FILE NOT RECOMMENDED ==========

    Contains known open source Moqui components, those in the GitHub 'moqui' group and others.

    To add or override repository, runtime, and component elements use a "myaddons.xml" file.
    -->

    <repository name="github">
        <location type="current" url="https://github.com/${component.'@group'}/${component.'@name'}/archive/${component.'@branch'}.zip"/>
        <location type="release" url="https://github.com/${component.'@group'}/${component.'@name'}/archive/v${component.'@version'}.zip"/>
        <location type="binary" url="https://github.com/${component.'@group'}/${component.'@name'}/releases/download/v${component.'@version'}/${component.'@name'}-${component.'@version'}.zip"/>
        <location type="git" url="https://github.com/${component.'@group'}/${component.'@name'}.git"/>
    </repository>
    <repository name="github-ssh">
        <location type="current" url="https://github.com/${component.'@group'}/${component.'@name'}/archive/${component.'@branch'}.zip"/>
        <location type="release" url="https://github.com/${component.'@group'}/${component.'@name'}/archive/v${component.'@version'}.zip"/>
        <location type="binary" url="https://github.com/${component.'@group'}/${component.'@name'}/releases/download/v${component.'@version'}/${component.'@name'}-${component.'@version'}.zip"/>
        <location type="git" url="git@github.com:${component.'@group'}/${component.'@name'}.git"/>
    </repository>

    <repository name="bitbucket">
        <location type="current" url="https://bitbucket.org/${component.'@group'}/${component.'@name'}/get/${component.'@branch'}.zip"/>
        <location type="release" url="https://bitbucket.org/${component.'@group'}/${component.'@name'}/get/v${component.'@version'}.zip"/>
        <location type="git" url="https://bitbucket.org/${component.'@group'}/${component.'@name'}.git"/>
    </repository>
    <repository name="bitbucket-ssh">
        <location type="current" url="https://bitbucket.org/${component.'@group'}/${component.'@name'}/get/${component.'@branch'}.zip"/>
        <location type="release" url="https://bitbucket.org/${component.'@group'}/${component.'@name'}/get/v${component.'@version'}.zip"/>
        <location type="git" url="git@bitbucket.org:${component.'@group'}/${component.'@name'}.git"/>
    </repository>
    <repository name="bitbucket-token">
        <location type="git" url="https://x-token-auth:${component.'@token'}@bitbucket.org/${component.'@group'}/${component.'@name'}.git"/>
    </repository>

    <!-- Where to get runtime directory if not present -->
    <runtime name="moqui-runtime" group="moqui" version="2.1.3" branch="master"/>

    <!-- Example Component -->
    <component name="example" group="moqui" version="2.1.3" branch="master"/>

    <!-- Moqui Tool Components -->
    <component name="moqui-aws" group="moqui" version="1.0.1" branch="master"/>
    <component name="moqui-camel" group="moqui" version="1.0.3" branch="master"/>
    <component name="moqui-elasticsearch" group="moqui" version="1.2.2" branch="master"/>
    <component name="moqui-fop" group="moqui" version="1.1.2" branch="master"/>
    <component name="moqui-hazelcast" group="moqui" version="1.1.2" branch="master"/>
    <component name="moqui-kie" group="moqui" version="1.0.3" branch="master"/>
    <component name="moqui-orientdb" group="moqui" version="1.0.3" branch="master"/>
    <component name="moqui-poi" group="moqui" version="1.0.0" branch="master"/>
    <component name="moqui-sftp" group="moqui" version="1.0.0" branch="master"/>
    <component name="moqui-wikitext" group="moqui" version="1.0.2" branch="master"/>

    <component name="moqui-atomikos" group="moqui" version="1.0.0" branch="master"/><!-- not actively maintained -->

    <!-- Mantle Business Artifact and Integration Components -->
    <component name="mantle-udm" group="moqui" version="2.1.2" branch="master"/>
    <component name="mantle-usl" group="moqui" version="2.1.2" branch="master"/>

    <component name="AuthorizeDotNet" group="moqui" version="1.2.3" branch="master"/>
    <component name="mantle-edi" group="moqui" version="1.1.3" branch="master"/>
    <component name="mantle-paytrace" group="moqui" version="1.0.1" branch="master"/>
    <component name="mantle-shippo" group="moqui" version="1.1.2" branch="master"/>
    <component name="mantle-yotpo" group="moqui" version="1.0.0" branch="master"/>

    <component name="mantle-braintree" group="moqui" version="" branch="master"/><!-- no releases yet -->
    <component name="mantle-rsis" group="moqui" version="" branch="master"/><!-- no releases yet -->

    <component name="mantle-oagis" group="moqui" version="" branch="master"/><!-- no releases yet -->
    <component name="mantle-ubpl" group="moqui" version="" branch="master"/><!-- no releases -->

    <!-- Moqui Applications -->
    <component name="SimpleScreens" group="moqui" version="2.1.2" branch="master"/>
    <component name="HiveMind" group="moqui" version="1.4.2" branch="master"/>
    <component name="PopCommerce" group="moqui" version="2.1.2" branch="master"/>
    <component name="PopRestStore" group="moqui" version="1.0.1" branch="master"/>
    <component name="moqui-org" group="moqui" version="" branch="master"/><!-- no releases -->

    <!-- Third Party Components -->
    <component name="moqui-zh_CN-addon" group="chunlinyao" version="" branch="master"/><!-- no releases -->
    <component name="moqui-graphql" group="shendepu" version="" branch="master"/><!-- no releases -->
    <component name="moqui-react-ssr" group="shendepu" version="" branch="master"/><!-- no releases -->
    <component name="moqui-captcha" group="shendepu" version="" branch="master"/><!-- no releases -->
    <component name="OFBizToMantle" group="jonesde" version="" branch="master"/><!-- no releases -->

    <!-- Component Sets -->
    <component-set name="framework" components="example,moqui-camel,moqui-elasticsearch,moqui-fop,moqui-hazelcast,moqui-kie,moqui-orientdb"/>
    <component-set name="mantle" components="mantle-udm,mantle-usl,mantle-edi,AuthorizeDotNet,mantle-shippo,SimpleScreens"/>
    <component-set name="apps" components="HiveMind,PopCommerce"/>
    <component-set name="ecosystem" sets="framework,mantle,apps"/>

    <component-set name="demo" components="example,HiveMind,PopCommerce,PopRestStore"/>
    <component-set name="popc" components="PopCommerce,PopRestStore"/>

    <!-- Release builds:
        gradle getComponentSet -PcomponentSet=demo -PlocationType=release
        gradle getComponentSet -PcomponentSet=popc -PlocationType=release
        gradle getComponent -Pcomponent=HiveMind -PlocationType=release
        - these make the source distro for each
        - to build the demo war: gradle load test addRuntime
    -->
</addons>
