<?xml version="1.0" encoding="UTF-8"?>
<!--
This software is in the public domain under CC0 1.0 Universal plus a 
Grant of Patent License.

To the extent possible under law, the author(s) have dedicated all
copyright and related and neighboring rights to this software to the
public domain worldwide. This software is distributed without any
warranty.

You should have received a copy of the CC0 Public Domain Dedication
along with this software (see the LICENSE.md file). If not, see
<http://creativecommons.org/publicdomain/zero/1.0/>.
-->
<screen xmlns:xsi="http://www.w3.org/2001/XMLSchema-instance"
        xsi:noNamespaceSchemaLocation="http://moqui.org/xsd/xml-screen-2.1.xsd"
        default-menu-title="Entity Detail">

    <parameter name="selectedEntity" required="true"/>
    <parameter name="refresh" required="false"/>

    <transition name="list"><default-response url="../EntityList"/></transition>
    <transition name="find"><default-response url="../EntityDataFind"/></transition>
    <transition name="checkTable">
        <actions><script>ec.entity.entityDbMeta.forceCheckTableRuntime(ec.entity.getEntityDefinition(selectedEntity))</script></actions>
        <default-response url="."/>
    </transition>

    <actions>
        <set field="entityDefinition" from="ec.entity.getEntityDefinition(selectedEntity)"/>
        <set field="entityInfo" from="entityDefinition.entityInfo"/>
        <set field="entityNode" from="entityDefinition.getEntityNode()"/>
        <set field="fieldInfos" from="entityInfo.allFieldInfoArray"/>
        <set field="relationshipInfoList" from="entityDefinition.getRelationshipsInfo(false)"/>
        <set field="dependents" from="entityDefinition.getDependentsTree()"/>
        <script><![CDATA[
            eecas = ec.entity.eecaRulesByEntityName.get(entityDefinition.fullEntityName)
            secas = []
            for (verb in org.moqui.impl.service.runner.EntityAutoServiceRunner.verbSet) {
                serviceName = verb + entityDefinition.fullEntityName
                rules = ec.service.secaRulesByServiceName.get(serviceName)
                if (rules) secas.addAll(rules)
            }
        ]]></script>
        <set field="entityDescription" from="entityNode.first('description')?.text"/>
    </actions>
    <widgets>
        <container>
            <link url="list" text="Entity List"/>
            <link url="find" text="Find ${entityDefinition.entityName}"/>
            <link url="checkTable" text="Check/Update Table" tooltip="Check and update DB table from entity definition"/>
        </container>
        <container><label text="Entity Detail for '${entityDefinition.fullEntityName}'" type="h3"/></container>
        <container-row>
            <row-col md="3"><label text="View Entity? ${entityDefinition.isViewEntity}" type="strong"/></row-col>
            <row-col md="3"><label text="Short Alias: ${entityInfo.shortAlias ?: 'N/A'}" type="strong"/></row-col>
            <row-col md="3"><label text="Table Name: ${entityInfo.fullTableName ?: 'N/A'}" type="strong"/></row-col>
            <row-col md="3"><label text="Entity Group: ${entityNode.attribute('group-name') ?: '(default)'}" type="strong"/></row-col>
        </container-row>
        <container-row>
            <row-col md="3"><label text="Needs Encrypt? ${entityInfo.needsEncrypt}" type="strong"/></row-col>
            <row-col md="3"><label text="Create Only? ${entityInfo.createOnly}" type="strong"/></row-col>
        </container-row>
        <container-row>
            <row-col md="3"><label text="Needs Audit Log? ${entityInfo.needsAuditLog}" type="strong"/></row-col>
            <row-col md="3"><label text="Entity Audit Default: ${entityNode.attribute('enable-audit-log') ?: 'false'}" type="strong"/></row-col>
        </container-row>
        <label text="${entityDescription}" condition="entityDescription"/>

        <form-list name="FieldList" list="fieldInfos" list-entry="fieldInfo">
            <field name="fieldName" from="fieldInfo.name"><default-field><display/></default-field></field>
            <field name="type" from="fieldInfo.type"><default-field><display/></default-field></field>
            <field name="column" from="entityDefinition.getColumnName(fieldInfo.name)"><default-field><display/></default-field></field>
            <field name="isPk" from="fieldInfo.isPk"><default-field title="Is PK"><display/></default-field></field>
            <field name="audit" from="fieldInfo.enableAuditLog"><default-field><display/></default-field></field>
            <field name="encrypt" from="fieldInfo.encrypt"><default-field><display/></default-field></field>
            <field name="localize" from="fieldInfo.enableLocalization"><default-field><display/></default-field></field>
            <field name="default" from="fieldInfo.defaultStr"><default-field><display/></default-field></field>
            <field name="description" from="fieldInfo.fieldNode.first('description')?.text ?: ''"><default-field><display/></default-field></field>
        </form-list>
        <form-list name="RelatedEntities" list="relationshipInfoList" list-entry="relInfo">
            <field name="prettyName"><default-field><display/></default-field></field>
            <field name="shortAlias"><default-field><display/></default-field></field>
            <field name="title"><default-field><display/></default-field></field>
            <field name="relatedEntityName"><default-field><display/></default-field></field>
            <field name="type"><default-field><display/></default-field></field>
            <field name="keyMap"><default-field><display/></default-field></field>
            <field name="link">
                <default-field title="">
                    <link text="Detail" url="." link-type="anchor"><parameter name="selectedEntity" from="relInfo.relatedEntityName"/></link>
                    <link text="Find" url="find" link-type="anchor">
                        <parameter name="enumTypeId" from="(relInfo.relatedEntityName == 'moqui.basic.Enumeration')? relInfo.title : ''"/> <!-- optional parameter. only assigns a value if relInfo is an Enumeration -->
                        <parameter name="statusTypeId" from="(relInfo.relatedEntityName == 'moqui.basic.StatusItem')? relInfo.title : ''"/> <!-- optional parameter. only assigns a value if relInfo is a StatusItem -->
                        <parameter name="selectedEntity" from="relInfo.relatedEntityName"/>
                    </link>
                </default-field>
            </field>
        </form-list>

        <label text="Eecas and related AutoService Secas" type="h4" condition="eecas || secas"/>
        <section-iterate name="Eecas" list="eecas" entry="eeca">
            <widgets>
                <container type="pre" style="line-numbers"><label text="${eeca.eecaNode.toString()}"
                                                                  type="code" style="language-markup" encode="true"/></container>
            </widgets>
        </section-iterate>
        <section-iterate name="Secas" list="secas" entry="seca">
            <widgets>
                <container type="pre" style="line-numbers"><label text="${seca.toString()}"
                                                                  type="code" style="language-markup" encode="true"/></container>
            </widgets>
        </section-iterate>
        <render-mode><text type="html,vuet"><![CDATA[
            <link rel="stylesheet" href="https://cdnjs.cloudflare.com/ajax/libs/prism/1.6.0/themes/prism-twilight.min.css" type="text/css"/>
            <script src="https://cdnjs.cloudflare.com/ajax/libs/prism/1.6.0/prism.min.js" type="text/javascript"></script>
        ]]></text></render-mode>

        <label text="Dependents" type="h4"/>
        <label text="${dependents.toString()}" type="pre" encode="true"/>
        <label text="All Descendants:" type="h5"/>
        <section-iterate name="DescendantList" list="dependents.allDescendants" entry="descendantName">
            <widgets><container><link url="." text="${descendantName}" parameter-map="[selectedEntity:descendantName]" link-type="anchor"/></container></widgets>
        </section-iterate>
    </widgets>
</screen>
