<?xml version="1.0" encoding="UTF-8"?>
<!--
This software is in the public domain under CC0 1.0 Universal plus a
Grant of Patent License.

To the extent possible under law, the author(s) have dedicated all
copyright and related and neighboring rights to this software to the
public domain worldwide. This software is distributed without any
warranty.

You should have received a copy of the CC0 Public Domain Dedication
along with this software (see the LICENSE.md file). If not, see
<http://creativecommons.org/publicdomain/zero/1.0/>.
-->
<services xmlns:xsi="http://www.w3.org/2001/XMLSchema-instance" xsi:noNamespaceSchemaLocation="http://moqui.org/xsd/service-definition-2.1.xsd">

    <service verb="set" noun="Preference" allow-remote="true">
        <in-parameters>
            <parameter name="preferenceKey" required="true"/>
            <parameter name="preferenceValue"/>
        </in-parameters>
        <actions><script>ec.user.setPreference(preferenceKey, preferenceValue)</script></actions>
    </service>
    
    <service verb="create" noun="UserAccount" authenticate="anonymous-all" allow-remote="false">
        <in-parameters>
            <auto-parameters entity-name="moqui.security.UserAccount" include="nonpk"><exclude field-name="currentPassword"/>
                <exclude field-name="resetPassword"/><exclude field-name="passwordSalt"/><exclude field-name="passwordHashType"/>
                <exclude field-name="passwordBase64"/><exclude field-name="passwordSetDate"/><exclude field-name="hasLoggedOut"/>
                <exclude field-name="disabledDateTime"/><exclude field-name="successiveFailedLogins"/>
            </auto-parameters>
            <parameter name="username" required="true"/>
            <parameter name="newPassword" required="true"/>
            <parameter name="newPasswordVerify" required="true"/>
            <parameter name="requirePasswordChange" default-value="N"/>
            <parameter name="disabled" default-value="N"/>
            <parameter name="emailAddress"><text-email/></parameter>
        </in-parameters>
        <out-parameters><parameter name="userId" required="true"/></out-parameters>
        <actions>
            <!-- see if username already in use (instead of catching on unique index) -->
            <entity-find entity-name="moqui.security.UserAccount" list="existingUaList">
                <econdition field-name="username" ignore-case="true"/></entity-find>
            <if condition="existingUaList"><return error="true" message="Username [${username}] is already in use. Please choose another."/></if>

            <if condition="emailAddress">
                <!-- see if emailAddress already in use (instead of catching on unique index) -->
                <entity-find entity-name="moqui.security.UserAccount" list="existingUaList">
                    <econdition field-name="emailAddress" ignore-case="true"/></entity-find>
                <if condition="existingUaList"><return error="true" message="Email ${emailAddress} is already in use. Login with username ${existingUaList[0].username}"/></if>
            </if>

            <service-call name="create#moqui.security.UserAccount" out-map="context" in-map="context"/>
            <service-call name="org.moqui.impl.UserServices.update#PasswordInternal" out-map="updateOut"
                in-map="[userId:userId, newPassword:newPassword, newPasswordVerify:newPasswordVerify,
                    requirePasswordChange:requirePasswordChange]"/>
            <if condition="updateOut.updateSuccessful &amp;&amp; !ec.message.hasError()"><then>
                <message public="true" type="success">Account created with username ${username}</message>
            </then><else-if condition="updateOut.passwordIssues">
                <message public="true" type="danger">Because of password issues not creating account with username ${username}</message>
                <return error="true" message="Removed temporary account with username ${username} for password issues"/>
            </else-if></if>
        </actions>
    </service>
    <service verb="update" noun="UserAccount">
        <in-parameters>
            <parameter name="userId" required="true"/>
            <auto-parameters entity-name="moqui.security.UserAccount" include="nonpk">
                <exclude field-name="currentPassword"/><exclude field-name="resetPassword"/><exclude field-name="passwordSalt"/>
                <exclude field-name="passwordHashType"/><exclude field-name="passwordBase64"/><exclude field-name="passwordSetDate"/>
                <exclude field-name="hasLoggedOut"/><exclude field-name="disabledDateTime"/><exclude field-name="successiveFailedLogins"/></auto-parameters>
        </in-parameters>
        <actions>
            <entity-find-one entity-name="moqui.security.UserAccount" value-field="userAccount"/>
            <if condition="userAccount == null"><return error="true" message="User Account not found for User ID ${userId}"/></if>

            <if condition="username &amp;&amp; username != userAccount.username">
                <!-- see if username already in use -->
                <entity-find entity-name="moqui.security.UserAccount" list="existingUaList">
                    <econdition field-name="username" ignore-case="true"/></entity-find>
                <if condition="existingUaList"><return error="true" message="Username [${username}] is already in use. Please choose another."/></if>
            </if>
            <if condition="emailAddress &amp;&amp; emailAddress != userAccount.emailAddress">
                <!-- see if emailAddress already in use (instead of catching on unique index) -->
                <entity-find entity-name="moqui.security.UserAccount" list="existingUaList">
                    <econdition field-name="emailAddress" ignore-case="true"/></entity-find>
                <if condition="existingUaList"><return error="true" message="Email ${emailAddress} is already in use. Login with username ${existingUaList[0].username}"/></if>
            </if>

            <service-call name="update#moqui.security.UserAccount" in-map="context"/>
        </actions>
    </service>

    <service verb="increment" noun="UserAccountFailedLogins" authenticate="anonymous-all" allow-remote="false">
        <in-parameters><parameter name="userId" required="true"/></in-parameters>
        <actions>
            <entity-find-one entity-name="moqui.security.UserAccount" value-field="userAccount"/>
            <set field="userAccount.successiveFailedLogins"
                 from="userAccount.successiveFailedLogins ? userAccount.successiveFailedLogins + 1 : 1"/>
            <set field="maxFailures" from="(ec.ecfi.confXmlRoot.first('user-facade').first('login').attribute('max-failures') ?: 3) as Integer"/>
            <!-- if successiveFailedLogins is greater than max in conf then disable account -->
            <if condition="userAccount.successiveFailedLogins > maxFailures &amp;&amp; userAccount.disabled != 'Y'">
                <set field="userAccount.disabled" value="Y"/>
                <set field="userAccount.disabledDateTime" from="ec.user.nowTimestamp"/>
            </if>
            <log level="warn" message="User ${userId} failed logins [${userAccount.successiveFailedLogins}], maxFailures [${maxFailures}], disabled [${userAccount.disabled}]"/>
            <entity-update value-field="userAccount"/>
        </actions>
    </service>

    <service verb="update" noun="Password" authenticate="anonymous-all" allow-remote="true">
        <description>Set a user's password. The userId must match the current user and the oldPassword must match the
            user's currentPassword or special permission is required.</description>
        <in-parameters>
            <parameter name="userId"><description>Defaults to the current userId in the ExecutionContext.</description></parameter>
            <parameter name="username"><description>May be used instead of userId to identify user.</description></parameter>
            <parameter name="oldPassword" required="true"><description>Ignored if user has password admin permissions.</description></parameter>
            <parameter name="newPassword" required="true"/>
            <parameter name="newPasswordVerify" required="true"/>
        </in-parameters>
        <actions>
            <set field="hasPwAdminPermission" from="ec.user.hasPermission('ADMIN_PASSWORD')"/>

            <if condition="userId"><then>
                <entity-find-one entity-name="moqui.security.UserAccount" value-field="userAccount"/>
            </then><else-if condition="username">
                <!-- NOTE: not using ignore-case here, for PW update required exact username match -->
                <entity-find-one entity-name="moqui.security.UserAccount" value-field="userAccount">
                    <field-map field-name="username"/></entity-find-one>
            </else-if><else>
                <entity-find-one entity-name="moqui.security.UserAccount" value-field="userAccount">
                    <field-map field-name="userId" from="ec.user.userId"/></entity-find-one>
            </else></if>
            <if condition="!userAccount"><return message="Could not find user with name ${username}" public="true" type="danger"/></if>
            <set field="userId" from="userAccount.userId"/>

            <!-- compare the passwords, encrypted -->
            <if condition="!hasPwAdminPermission">
                <if condition="ec.user.userId &amp;&amp; userId != ec.user.userId">
                    <return message="Cannot update the password of another user without password admin permission" public="true" type="danger"/></if>
                <if condition="!oldPassword">
                    <return message="Please enter current password" public="true" type="danger"/></if>

                <script>
                    def token = new org.apache.shiro.authc.UsernamePasswordToken((String) userAccount.username, (String) oldPassword)
                    def info = new org.apache.shiro.authc.SimpleAuthenticationInfo(userAccount.username, userAccount.currentPassword,
                            userAccount.passwordSalt ? new org.apache.shiro.util.SimpleByteSource((String) userAccount.passwordSalt) : null, "moquiRealm")
                </script>
                <if condition="!userAccount.currentPassword || !ec.ecfi.getCredentialsMatcher(userAccount.passwordHashType, 'Y'.equals(userAccount.passwordBase64)).doCredentialsMatch(token, info)">
                    <if condition="userAccount.resetPassword"><then>
                        <!-- try the resetPassword -->
                        <script>
                            info = new org.apache.shiro.authc.SimpleAuthenticationInfo(userAccount.username, userAccount.resetPassword,
                                    userAccount.passwordSalt ? new org.apache.shiro.util.SimpleByteSource((String) userAccount.passwordSalt) : null, "moquiRealm")
                        </script>
                        <if condition="!ec.ecfi.getCredentialsMatcher(userAccount.passwordHashType, 'Y'.equals(userAccount.passwordBase64)).doCredentialsMatch(token, info)">
                            <return message="Password did not match current password or reset password for user ${username}" public="true" type="danger"/></if>
                    </then><else>
                        <return message="Password incorrect for user ${username}" public="true" type="danger"/>
                    </else></if>
                </if>
            </if>

            <service-call name="org.moqui.impl.UserServices.update#PasswordInternal" out-map="updateOut"
                    in-map="[userId:userId, newPassword:newPassword, newPasswordVerify:newPasswordVerify]"/>
            <if condition="updateOut.updateSuccessful &amp;&amp; !ec.message.hasError()">
                <message public="true" type="success">Password updated for user ${userAccount.username}</message></if>
        </actions>
    </service>
    <service verb="update" noun="PasswordInternal" authenticate="false" allow-remote="false">
        <in-parameters>
            <parameter name="userId" required="true"/>
            <parameter name="newPassword" required="true"/>
            <parameter name="newPasswordVerify" required="true"/>
            <parameter name="requirePasswordChange" default-value="N"/>
        </in-parameters>
        <out-parameters>
            <parameter name="passwordIssues" type="Boolean"/>
            <parameter name="updateSuccessful" type="Boolean"/>
        </out-parameters>
        <actions>
            <set field="passwordIssues" from="false"/>
            <set field="updateSuccessful" from="false"/>
            <entity-find-one entity-name="moqui.security.UserAccount" value-field="userAccount"/>
            <if condition="userAccount == null">
                <return message="Cannot update password, Account not found with ID ${userId}" public="true" type="danger"/></if>

            <!-- check a bunch of stuff about the new password -->
            <set field="passwordNode" from="ec.ecfi.confXmlRoot.first('user-facade').first('password')"/>

            <if condition="newPassword != newPasswordVerify">
                <message public="true" type="danger">New Password and New Password Verify do not match</message>
                <set field="passwordIssues" from="true"/>
            </if>

            <set field="minLength" from="passwordNode.attribute('min-length')" default-value="8" type="Integer"/>
            <if condition="newPassword.length() &lt; minLength">
                <message public="true" type="warning">Password shorter than ${minLength} characters</message>
                <set field="passwordIssues" from="true"/>
            </if>

            <set field="minDigits" from="passwordNode.attribute('min-digits')" default-value="1" type="Integer"/>
            <set field="digits" from="countChars(newPassword, true, false, false)"/>
            <if condition="digits &lt; minDigits">
                <message public="true" type="warning">Password needs ${minDigits} digit/number characters</message>
                <set field="passwordIssues" from="true"/>
            </if>

            <set field="minOthers" from="passwordNode.attribute('min-others')" default-value="1" type="Integer"/>
            <set field="others" from="countChars(newPassword, false, false, true)"/>
            <if condition="others &lt; minOthers">
                <message public="true" type="warning">Password needs ${minOthers} other characters (not letter or digit)</message>
                <set field="passwordIssues" from="true"/>
            </if>

            <!-- don't log this by default, security hole: <log level="info" message="newPassword=${newPassword}, length=${newPassword.length()}, digits=${digits}, others=${others}"/> -->

            <!-- if password is same as current don't allow it -->
            <set field="hashedNewPassword" from="ec.ecfi.getSimpleHash(newPassword, userAccount.passwordSalt, userAccount.passwordHashType, 'Y'.equals(userAccount.passwordBase64))"/>
            <!-- <log level="warn" message="cur ${userAccount.currentPassword} : new ${hashedNewPassword}"/> -->
            <if condition="userAccount.currentPassword == hashedNewPassword">
                <message public="true" type="danger">New password is same as current password</message>
                <set field="passwordIssues" from="true"/>
            </if>

            <!-- if password is in the history don't allow it -->
            <set field="historyLimit" from="passwordNode.attribute('history-limit')" default-value="5" type="Integer"/>
            <entity-find entity-name="moqui.security.UserPasswordHistory" list="duplicateUserPasswordHistoryList">
                <econdition field-name="userId" from="userId"/>
                <!-- can't query by this field since it is encrypted: <econdition field-name="password" from="newPassword"/> -->
            </entity-find>
            <iterate list="duplicateUserPasswordHistoryList" entry="duplicateUserPasswordHistory">
                <set field="hashedNewPassword" from="ec.ecfi.getSimpleHash(newPassword, duplicateUserPasswordHistory.passwordSalt, duplicateUserPasswordHistory.passwordHashType, 'Y'.equals(userAccount.passwordBase64))"/>
                <if condition="duplicateUserPasswordHistory.password == hashedNewPassword">
                    <message public="true" type="warning">Password was used in last ${historyLimit} passwords</message>
                    <set field="passwordIssues" from="true"/>
                </if>
            </iterate>

            <if condition="passwordIssues"><return error="true" message="Found issues with password so not updating"/></if>
            <!-- from here on the newPassword is considered okay -->

            <!-- save history, then while more in history than password.@history-limit default 5 then remove oldest -->
            <service-call name="create#moqui.security.UserPasswordHistory"
                    in-map="[userId:userId, password:userAccount.currentPassword, passwordSalt:userAccount.passwordSalt,
                        passwordHashType:userAccount.passwordHashType, fromDate:ec.user.nowTimestamp]"/>
            <entity-find entity-name="moqui.security.UserPasswordHistory" list="existingUserPasswordHistoryList">
                <econdition field-name="userId" from="userId"/>
                <order-by field-name="fromDate"/>
            </entity-find>
            <while condition="existingUserPasswordHistoryList.size() &gt; historyLimit">
                <entity-delete value-field="existingUserPasswordHistoryList.remove(0)"/>
            </while>

            <!-- encrypt password (using password.@encrypt-hash-type default SHA-256) and save -->
            <set field="salt" from="ec.ecfi.randomSalt"/>
            <service-call name="update#moqui.security.UserAccount">
                <field-map field-name="userId"/>
                <field-map field-name="currentPassword" from="ec.ecfi.getSimpleHash(newPassword, salt)"/>
                <field-map field-name="passwordSalt" from="salt"/>
                <field-map field-name="passwordHashType" from="ec.ecfi.passwordHashType"/>
                <field-map field-name="passwordBase64" value="N"/>
                <field-map field-name="passwordSetDate" from="ec.user.nowTimestamp"/>
                <field-map field-name="requirePasswordChange"/>
                <field-map field-name="resetPassword" from="null"/>
                <field-map field-name="disabled" value="N"/>
            </service-call>
            <set field="updateSuccessful" from="true"/>
        </actions>
    </service>

    <service verb="enable" noun="UserAccount">
        <description>Enable a disabled account (set disabled=N, disabledDateTime=null, successiveFailedLogins=0)</description>
        <in-parameters><parameter name="userId" required="true"/></in-parameters>
        <actions>
            <service-call name="update#moqui.security.UserAccount"
                    in-map="[userId:userId, disabled:'N', disabledDateTime:null, successiveFailedLogins:0]"/>
        </actions>
    </service>
    <service verb="disable" noun="UserAccount">
        <description>Disable an account (set disabled=Y, disabledDateTime=now)</description>
        <in-parameters><parameter name="userId" required="true"/></in-parameters>
        <actions>
            <!-- set disabledDateTime to null so that account is permanently disabled (won't auto enable after wait period) -->
            <service-call name="update#moqui.security.UserAccount" in-map="[userId:userId, disabled:'Y', disabledDateTime:null]"/>
        </actions>
    </service>
    <service verb="reset" noun="Password" authenticate="anonymous-all" allow-remote="true">
        <in-parameters>
            <parameter name="userId"/>
            <parameter name="username"><description>May be used instead of userId to identify user.</description></parameter>
        </in-parameters>
        <actions>
            <!-- find by userId -->
            <entity-find-one entity-name="moqui.security.UserAccount" value-field="userAccount" for-update="true"/>
            <if condition="userAccount == null">
                <!-- find by username, no ignore-case here to require exact match for PW reset -->
                <entity-find-one entity-name="moqui.security.UserAccount" value-field="userAccount" for-update="true">
                    <field-map field-name="username"/></entity-find-one>
            </if>
            <if condition="userAccount == null">
                <!-- find by emailAddress in case it was entered instead of username -->
                <entity-find-one entity-name="moqui.security.UserAccount" value-field="userAccount" for-update="true">
                    <field-map field-name="emailAddress" from="username"/></entity-find-one>
            </if>
            <if condition="userAccount == null">
                <message public="true" type="danger">Could not find account with username or email address ${username}</message>
                <return error="true" message="Account not found"/>
            </if>
            <if condition="!userAccount.emailAddress">
                <message public="true" type="danger">Account with username ${username} does not have an email address</message>
                <return error="true" message="Account has no email address"/>
            </if>

            <!-- reset the password to a random value -->
            <set field="resetPassword" from="getRandomString(12)"/>
            <set field="passwordNode" from="ec.ecfi.confXmlRoot.first('user-facade').first('password')"/>
            <set field="userAccount.resetPassword" from="ec.ecfi.getSimpleHash(resetPassword, userAccount.passwordSalt, userAccount.passwordHashType, 'Y'.equals(userAccount.passwordBase64))"/>
            <set field="userAccount.requirePasswordChange" from="(passwordNode.attribute('email-require-change') == 'true') ? 'Y' : 'N'"/>
            <entity-update value-field="userAccount"/>

            <!-- send an email with the new password -->
            <service-call name="org.moqui.impl.EmailServices.send#EmailTemplate" async="true">
                <field-map field-name="emailTemplateId" value="PASSWORD_RESET"/>
                <field-map field-name="toAddresses" from="userAccount.emailAddress"/>
                <field-map field-name="bodyParameters" from="[userAccount:userAccount, resetPassword:resetPassword]"/>
            </service-call>
            <message public="true" type="success">A reset password was sent by email to ${userAccount.emailAddress}. This password may only be used to change your password. Your current password is still valid.</message>
            <if condition="userAccount.requirePasswordChange == 'Y'"><message public="true" type="info">You must change your password before login.</message></if>
        </actions>
    </service>

    <service verb="create" noun="InitialAdminAccount" authenticate="anonymous-all">
        <in-parameters>
            <parameter name="username" required="true"/>
            <parameter name="newPassword" required="true"/>
            <parameter name="newPasswordVerify" required="true"/>
            <parameter name="userFullName"/>
            <parameter name="emailAddress"><text-email/></parameter>
        </in-parameters>
        <out-parameters><parameter name="userId" required="true"/></out-parameters>
        <actions>
            <!-- only allow this if there are no user accounts, other than the _NA_ UserAccount which is in seed data -->
            <if condition="ec.entity.find('moqui.security.UserAccount').count() > 1">
                <return error="true" message="Can only create initial admin account if there are no UserAccount records"/></if>
            <service-call name="org.moqui.impl.UserServices.create#UserAccount" in-map="context" out-map="context"/>
            <service-call name="create#moqui.security.UserGroupMember" in-map="[userId:userId, userGroupId:'ADMIN']"/>
        </actions>
    </service>
</services>
