<?xml version="1.0" encoding="UTF-8"?>
<!--
This software is in the public domain under CC0 1.0 Universal plus a 
Grant of Patent License.

To the extent possible under law, the author(s) have dedicated all
copyright and related and neighboring rights to this software to the
public domain worldwide. This software is distributed without any
warranty.

You should have received a copy of the CC0 Public Domain Dedication
along with this software (see the LICENSE.md file). If not, see
<http://creativecommons.org/publicdomain/zero/1.0/>.
-->
<screen xmlns:xsi="http://www.w3.org/2001/XMLSchema-instance" xsi:noNamespaceSchemaLocation="http://moqui.org/xsd/xml-screen-2.1.xsd"
        default-menu-include="false">

    <transition name="editDataDocument"><default-response url="../EditDataDocument"/></transition>

    <transition name="createDataDocument"><service-call name="org.moqui.impl.EntityServices.create#DataDocument"/>
        <default-response url="../EditDataDocument"/></transition>

    <actions>
        <!-- example: <set field="excludeFilter" value="(moqui\\.|mantle\\.).*"/> -->
        <set field="entityInfoList" from="ec.entity.getAllEntitiesInfo('entityName', null, false, true)"/>
        <if condition="excludeFilter"><set field="entityInfoList" from="entityInfoList.findAll({ !it.fullEntityName.matches(excludeFilter) })"/></if>
    </actions>
    <widgets>
        <container-dialog id="CreateDialog" button-text="Create Data Document">
            <form-single name="CreateDataDocument" transition="createDataDocument">
                <field name="dataDocumentId"><default-field title="ID"><text-line size="30"/></default-field></field>
                <field name="documentName"><default-field title="Name"><text-line size="60"/></default-field></field>
                <field name="primaryEntityName"><default-field title="Primary Entity"><drop-down>
                    <list-options list="entityInfoList" key="${fullEntityName}"
                            text="${org.moqui.util.StringUtilities.camelCaseToPretty(entityName)}"/>
                </drop-down></default-field></field>
                <field name="submitButton"><default-field title="Create"><submit/></default-field></field>
            </form-single>
        </container-dialog>

        <form-list name="DataDocumentList" list="dataDocumentList" skip-form="true" header-dialog="true">
            <entity-find entity-name="moqui.entity.document.DataDocument">
                <search-form-inputs default-order-by="dataDocumentId"/></entity-find>

            <field name="dataDocumentId"><header-field title="ID" show-order-by="true"><text-find hide-options="true"/></header-field>
                <default-field><link url="editDataDocument" text="${dataDocumentId}" link-type="anchor"/></default-field></field>
            <field name="documentName"><header-field title="Name" show-order-by="true"><text-find hide-options="true"/></header-field>
                <default-field><link url="editDataDocument" text="${documentName}" link-type="anchor"/></default-field></field>
            <field name="primaryEntityName">
                <header-field title="Primary Entity" show-order-by="true"><drop-down allow-empty="true">
                    <entity-options key="${primaryEntityName}"
                            text="${org.moqui.util.StringUtilities.camelCaseToPretty(primaryEntityName.substring(primaryEntityName.lastIndexOf('.')+1))}">
                        <entity-find entity-name="moqui.entity.document.DataDocument" distinct="true">
                            <select-field field-name="primaryEntityName"/><order-by field-name="primaryEntityName"/></entity-find>
                    </entity-options>
                </drop-down></header-field>
                <default-field><display text="${org.moqui.util.StringUtilities.camelCaseToPretty(primaryEntityName.substring(primaryEntityName.lastIndexOf('.')+1))}"/></default-field>
            </field>

            <field name="findButton"><header-field><submit/></header-field></field>
        </form-list>
    </widgets>
</screen>
