<?xml version="1.0" encoding="UTF-8"?>
<!--
This software is in the public domain under CC0 1.0 Universal plus a 
Grant of Patent License.

To the extent possible under law, the author(s) have dedicated all
copyright and related and neighboring rights to this software to the
public domain worldwide. This software is distributed without any
warranty.

You should have received a copy of the CC0 Public Domain Dedication
along with this software (see the LICENSE.md file). If not, see
<http://creativecommons.org/publicdomain/zero/1.0/>.
-->
<entity-facade-xml type="seed">
    <!-- Tools App artifacts/authz -->
    <artifactGroups artifactGroupId="TOOLS_APP" description="Tools App (via root screen)">
        <artifacts artifactName="component://tools/screen/Tools.xml" artifactTypeEnumId="AT_XML_SCREEN" inheritAuthz="Y"/>
        <!-- Full permissions for the ADMIN user group -->
        <authz artifactAuthzId="TOOLS_APP_ADMIN" userGroupId="ADMIN" authzTypeEnumId="AUTHZT_ALWAYS" authzActionEnumId="AUTHZA_ALL"/>
    </artifactGroups>

    <!-- System App artifacts/authz -->
    <artifactGroups artifactGroupId="SYSTEM_APP" description="System App (via root screen)">
        <artifacts artifactName="component://tools/screen/System.xml" artifactTypeEnumId="AT_XML_SCREEN" inheritAuthz="Y"/>
        <!-- Full permissions for the ADMIN user group -->
        <authz artifactAuthzId="SYSTEM_APP_ADMIN" userGroupId="ADMIN" authzTypeEnumId="AUTHZT_ALWAYS" authzActionEnumId="AUTHZA_ALL"/>
    </artifactGroups>

    <!-- Artifact group for all of the Moqui Tools REST API via the moqui resource (the root resource) -->
    <artifactGroups artifactGroupId="MOQUI_API" description="Moqui Tools REST API (via root resource)">
        <artifacts artifactTypeEnumId="AT_REST_PATH" inheritAuthz="Y" artifactName="/moqui"/>
        <!-- Full permissions for the ADMIN user group -->
        <authz artifactAuthzId="MOQUI_API_ADMIN" userGroupId="ADMIN" authzTypeEnumId="AUTHZT_ALWAYS" authzActionEnumId="AUTHZA_ALL"/>
    </artifactGroups>
</entity-facade-xml>
