<?xml version="1.0" encoding="UTF-8"?>
<!--
This software is in the public domain under CC0 1.0 Universal plus a 
Grant of Patent License.

To the extent possible under law, the author(s) have dedicated all
copyright and related and neighboring rights to this software to the
public domain worldwide. This software is distributed without any
warranty.

You should have received a copy of the CC0 Public Domain Dedication
along with this software (see the LICENSE.md file). If not, see
<http://creativecommons.org/publicdomain/zero/1.0/>.
-->
<screen xmlns:xsi="http://www.w3.org/2001/XMLSchema-instance"
        xsi:noNamespaceSchemaLocation="http://moqui.org/xsd/xml-screen-2.1.xsd"
        default-menu-title="Import">

    <transition name="load">
        <actions><script><![CDATA[
            org.moqui.entity.EntityDataLoader edl = ec.entity.makeDataLoader()
            String source = ""
            if (types) {
                edl.dataTypes(new HashSet(Arrays.asList(types.split(","))))
                if (components) edl.componentNameList(Arrays.asList(components.split(",")))
                source = "Types: ${types}, Components: ${components}"
            } else if (location) {
                edl.location(location)
                source = location
            } else if (csvText) {
                edl.csvText(csvText)
                source = "CSV Text Box"
            } else if (jsonText) {
                edl.jsonText(jsonText)
                source = "JSON Text Box"
            } else if (xmlText) {
                edl.xmlText(xmlText)
                source = "XML Text Box"
            }
            if (timeout) edl.transactionTimeout(timeout as Integer)
            if (dummyFks) edl.dummyFks(true)
            if (useTryInsert) edl.useTryInsert(true)

            if (checkOnly) {
                List messages = edl.check()
                if (!messages) ec.message.addMessage(ec.l10n.localize("No differences found in check"))
                ec.web.session.setAttribute("DataImport.messages", messages)
            } else if (onlyCreate) {
                edl.onlyCreate(true)
                List<String> messages = new LinkedList<>()
                long recordsLoaded = edl.load(messages)
                ec.message.addMessage("Loaded ${recordsLoaded} records from [${source}]")
                ec.web.session.setAttribute("DataImport.messages", messages)
            } else {
                List<String> messages = new LinkedList<>()
                long recordsLoaded = edl.load(messages)
                ec.message.addMessage("Loaded ${recordsLoaded} records from [${source}]")
                ec.web.session.setAttribute("DataImport.messages", messages)
            }
        ]]></script></actions>
        <default-response url="."/>
    </transition>

    <actions>
        <set field="messages" from="ec.web.session.getAttribute('DataImport.messages')"/>
        <script>if (messages) ec.web.session.removeAttribute('DataImport.messages')</script>
    </actions>
    <widgets>
        <form-single name="ImportData" transition="load">
            <field name="timeout"><default-field title="Timeout Seconds"><text-line size="5" default-value="60"/></default-field></field>
            <field name="dummyFks"><default-field title=""><check><option key="true" text="Dummy FKs?"/></check></default-field></field>
            <field name="useTryInsert"><default-field title=""><check><option key="true" text="Use Try Insert?"/></check></default-field></field>

            <field name="types"><default-field tooltip="Comma Separated (from entity-facade-xml.@type)">
                <text-line size="60"/></default-field></field>
            <field name="components"><default-field tooltip="Component Names, Comma Separated">
                <text-line size="60"/></default-field></field>

            <field name="location"><default-field><text-line size="80"/></default-field></field>
            <field name="xmlText"><default-field title="Text">
                <text-area rows="10" cols="80" default-value="&lt;entity-facade-xml&gt;&lt;/entity-facade-xml&gt;"/>
            </default-field></field>
            <field name="jsonText"><default-field title="Text">
                <text-area rows="10" cols="80" default-value=""/>
            </default-field></field>
            <field name="csvText"><default-field title="Text">
                <text-area rows="10" cols="80" default-value=""/>
            </default-field></field>

            <field name="checkOnly"><default-field title="Check Data"><submit/></default-field></field>
            <field name="onlyCreate"><default-field title="Import Data - Create Only">
                <submit confirmation="Are you sure you want to load data, only creating missing records?"/></default-field></field>
            <field name="importButton"><default-field title="Import Data - Create or Update">
                <submit confirmation="Are you sure you want to load data, creating new and updating existing records? If in doubt, cancel this and double check."/></default-field></field>

            <field-layout>
                <field-ref name="timeout"/>
                <field-row-big><field-ref name="dummyFks"/><field-ref name="useTryInsert"/></field-row-big>
                <field-accordion>
                    <field-group title="By Data Types"><field-ref name="types"/><field-ref name="components"/></field-group>
                    <field-group title="Resource Location"><field-ref name="location"/></field-group>
                    <field-group title="XML Text"><field-ref name="xmlText"/></field-group>
                    <field-group title="JSON Text"><field-ref name="jsonText"/></field-group>
                    <field-group title="CSV Text"><field-ref name="csvText"/></field-group>
                </field-accordion>
                <field-col-row><field-col md="4">
                    <field-ref name="checkOnly"/>
                </field-col><field-col md="4">
                    <field-ref name="onlyCreate"/>
                </field-col><field-col md="4">
                    <field-ref name="importButton"/>
                </field-col></field-col-row>
            </field-layout>
        </form-single>

        <section-iterate name="MessageList" list="messages" entry="message"><widgets>
            <label text="${(message_index+1).toString().padLeft(3,'0')}: ${message}" type="div"/>
        </widgets></section-iterate>
    </widgets>
</screen>
